,comment.timestamp,comment.comment,comment.author,comment.group
1,1416679856,Na cennych lekcjach z prof. Mrugalska nie bylam od roku,Yevhenii,FRIDI Professional Volleyball Team ;)
2,1466877684,Wracajcie tańczyyyyć :3,Yevhenii,1466877684
3,1450562147,Sernik? :3,Yevhenii,Wigilia Wigilii Wigilii
4,1466161730,"Czym jest charakteryzacja grup cyklicznych? To samo co klasyfikacja, czyli to z rzędem?",Yevhenii,UJ Matematyka 2015/16
5,1473330850,"W sumie, ja bym mogła, mam 14stego o 10:00",Yevhenii,UJ Matematyka 2015/16
6,1607427779,Tajniacy zawsze!,Yevhenii,w ogóle
7,1518687924,A śpiwór? Czy tam jest pościel?,Yevhenii,1518687924
8,1518120067,,Yevhenii,bardzo
9,1350841312,o nie.,Yevhenii,Ruch Wyzwolenia Mateosza Bendarka
10,1470434249,"Ty jesteś blondynką, masz prawo być głupia xD",Yevhenii,1470434249
11,1543416994,Albo coś bardziej praktycznego. Jak szampon np xD,Yevhenii,1543416994
12,1353520408,"Cicho Ania, spania ;d",Yevhenii,Ruch Wyzwolenia Mateosza Bendarka
13,1560085512,"Ryszard Wojnarowski Antuan sam zapłacił z tego co pamiętam, nie pamiętam po ile :c",Yevhenii,1560085512
14,1544354061,"1. Tak
2. Grzane wino
3. Jakies wino na pewno przyniose i moge cos kupic/zrobic dodatkowo
6. Pracuje do 17:30, nie dojade tam przed 18:30 :c",Yevhenii,1544354061
15,1518117581,A moze zróbmy też piwo jutro albo w sobotę :3,Yevhenii,bardzo
16,1371050282,"weź, kostki nam będą potrzebne ;d",Yevhenii,1371050282
17,1603545583,"Nie będę nazywać psa Młaka xD myślałam o Alma, ale sama nie wiem",Yevhenii,w ogóle
18,1443627387,"Czyli co, widzimy ta 20sta pod Lewiatanem?",Yevhenii,UJ Matematyka 2015/16
19,1549633732,No to ja Ci wezmę,Yevhenii,1549633732
20,1518642747,Ja mam bardzo fajne zapalniczki :),Yevhenii,1518642747
21,1543416810,Wojtek Fedeńczak ej też pomyslalam o kubkach! Albo o skarpetkach,Yevhenii,1543416810
22,1504871441,,Yevhenii,bardzo
23,1592220402,"Aleksandra Kuzko pytał czego dotyczy i w jakim kontekście był wprowadzony, nic poza tym",Yevhenii,HSMAD 2019
24,1416679888,"Ale jakby byla szansa, moznaby gdzies pograc :3",Yevhenii,FRIDI Professional Volleyball Team ;)
25,1479729458,przesłuchałam to 9 razy w drodze na uczelnie :c,Yevhenii,1479729458
26,1570898129,Ja i Cziba będziemy pewnie jakoś 19:10,Yevhenii,w ogóle
27,1450026523,ulgowy :3,Yevhenii,1450026523
28,1506434294,Polecam się xD,Yevhenii,bardzo
29,1503657379,Milonerzy mnie kupili,Yevhenii,1503657379
30,1478366192,,Yevhenii,1478366192
31,1575665075,Ja!,Yevhenii,w ogóle
32,1597143162,A mogłabyś mi podesłać te kilka? byłabym bardzo wdzięczna :),Yevhenii,HSMAD 2019
33,1450562246,Zabijmy karpia!,Yevhenii,Wigilia Wigilii Wigilii
34,1443977769,Tak! C:,Yevhenii,UJ Matematyka 2015/16
35,1555507731,"A ja się spóźnię jakoś 1.5 Fedenczaka bo praca, przepraszam :c",Yevhenii,w ogóle
36,1511458212,XDDD,Yevhenii,1511458212
37,1400444056,cos w tym jest,Yevhenii,Garaż
38,1460575348,"wazniejsze pytanie, czy ktos ma rozwiązanie? :3",Yevhenii,Grupa 2 semestr letni
39,1482459952,Dobry fotograf Krzysztof Wende,Yevhenii,1482459952
40,1472827478,"Ma byłą, nie wiem, czy to się liczy",Yevhenii,1472827478
41,1472325330,"Nie wiem, czy to dobrze D:",Yevhenii,1472325330
42,1500903915,"jak zrobicie 3ego września, to możecie połączyć z urodzinami Izabela Kmieć xD",Yevhenii,1500903915
43,1404055689,"szalowo, ale jak dla mnie dopiero po przyszlej niedzieli",Yevhenii,Sabat Czarownic
44,1514591620,Ja mam 21,Yevhenii,bardzo
45,1592218876,To ja zacznę:,Yevhenii,HSMAD 2019
46,1550601242,Mnie w sobote nie ma :c,Yevhenii,w ogóle
47,1383425968,ja tez na pewno ;d,Yevhenii,Tymowa
48,1441112354,W piatek 4 godzinki pozniej c:,Yevhenii,Ruch Wyzwolenia Mateosza Bendarka
49,1556047997,Ja i Cziba też,Yevhenii,w ogóle
50,1402755534,nie napisalam.,Yevhenii,Duży Angielski gr.11 prof.Napiórkowska
51,1356799092,15 jest ok ;d,Yevhenii,1356799092
52,1400183712,<3,Yevhenii,1400183712
53,1610056602,"W ogóle to jest jakiś fatalny zwyczaj, żeby dane covidowe wizualizować bez przeliczenia na milion mieszkańców. Przecież taki wykres w ogóle nie oddaje prawdziwej sytuacji. To samo jest z liczbą zachorowań",Ula,Statystyczne świry
54,1608976466,Tbh for somebody who works with linear models this would be the first guess ,Ula,Science diagrams that look like shitposts.
55,1608811412,,Ula,w ogóle
56,1608157204,"Ja bym poleciła Wubbe firmy Kong. Ma w miarę przyjemną dla ucha piszczałkę i jest zrobiona z takiego dość śliskiego i grubego materiału, więc pies naprawdę musi się napracować, żeby coś odgryźć - da się w porę zainterweniować ;)",Ula,Kreatywnie z psem
57,1607686259,A discorda można ściągnąć na telefon tak żeby powiadomienia dostawać? Bo jednak większość z nas podejrzewam głównie korzysta z fb/messengera na telefonie,Ula,w ogóle
58,1607427779,Tajniacy zawsze!,Ula,w ogóle
59,1606999707,"Mi się wydaje, że przede wszystkim powinno być z góry powiedziane, że jak mamy to spotkanie, to używamy kamerek,bo tak rozmawiać bez tego to jakoś dziwnie.. A może by połączyć spotkanie świąteczne z taka powiedzmy integracja? Możnaby poszukać jakichś gier w internecie, w które można zagrać drużynowo na przykład, albo w więcej osób. Może jakieś kalambury (sa takie rysowane online)? Wtedy można na teams być na glosowym kanale,  a jednocześnie grać",Ula,HSMAD 2019
60,1606657161,"a, to pomyliłam, myślałam ze 8",Ula,HSMAD 2019
61,1606657022,"Dla mnie jest ok ta 16 w czwartek, ale nie mam problemu gdyby było w innym terminie. Tylko zostały nam jeszcze 3 zajęcia z klinicznych, więc czy czwartek pasuje, to zależy od tego, kiedy mielibyśmy zacząć warsztaty 2",Ula,HSMAD 2019
62,1604334172,"Z jednej strony bardzo chce zapytać jak na to trafiłeś, z drugiej strony nie wiem, czy chce znać odpowiedź xD",Ula,w ogóle
63,1603655657,"Konrad Gajek reaguje, chociaż widzę że słabo to napisałam xD",Ula,w ogóle
64,1603567494,Luna Nikola Anna Sawka nie ma sprawy xD,Ula,w ogóle
65,1603567171,"no to było tak, że już mi jakiś czas temu pomysł wpadł do głowy i uznałam, ze teraz najlepiej przygarnąć, bo zajęcia online itd, więc mogę jej pomóc się przyzwyczaić. No i zaczęłam szukać w schroniskach, a potem ogarnęłam, że schroniska wrzucają ogłoszenia na OLX. no ale między ogłoszeniami schronisk było też ogłoszenie jakiejś pani, że z powodów osobistych musi oddać pieska. No to napisałam, okazało się ze ona dostała awans w pracy i nie ma czasu. A piesek ma 11 miesięcy i został  wzięty z ulicy jak się błąkał, w marcu. I ogólnie to ją ponoć ktoś musiał źle wcześniej traktować bo się boi gwałtownych ruchów, jak się podnosi rękę itp. Ale  piesek jest super i jest tu kilka godzin, a już przychodzi się przytulać, śpi koło mnie i w ogole jest cudowna <3",Ula,w ogóle
66,1603545583,"Nie będę nazywać psa Młaka xD myślałam o Alma, ale sama nie wiem",Ula,w ogóle
67,1603136317,"ja moge, ale nie wiem czy nie chwile po 19",Ula,w ogóle
68,1602772359,"Ula Białończyk, Luiza Dobosz, Jakub Benowski",Ula,HSMAD 2019
69,1597143162,A mogłabyś mi podesłać te kilka? byłabym bardzo wdzięczna :),Ula,HSMAD 2019
70,1596997122,Mnie też nie ma :c,Ula,w ogóle
71,1596722887,Ja: 148.89 Lidl,Ula,1596722887
72,1596007579,"Nie, podnieśli im czynsz strasznie i szukają nowego miejsca z tego co wiem",Ula,w ogóle
73,1595625356,ej a to jest taka trasa na jakieś adidasy czy lepiej buty do chodzenia po górach wziąć?,Ula,1595625356
74,1595426946,"Ale to musimy rozkminić co jemy w sobote w takim razie, bo pomiędzy górami i chlaniem by się coś przydało. Jakieś wspólne gotowanie?",Ula,1595426946
75,1595331200,a wiecie co moglibyśmy powiedzieć o Lubaniu jakbyśmy tam znowu poszli? Że góry kochamy a na Lubaniu byliśmy nie raz,Ula,1595331200
76,1595331097,"Ja bym chciała żeby ""pizdeczkować"" zostało wstępnym słowem wyjazdu xD",Ula,1595331097
77,1595320546,"O, a ja upiekę chleb",Ula,1595320546
78,1592228091,Zeruj!,Ula,w ogóle
79,1592220402,"Aleksandra Kuzko pytał czego dotyczy i w jakim kontekście był wprowadzony, nic poza tym",Ula,HSMAD 2019
80,1592219162,"Kuba Zbrzezny nie, najpierw pytania, potem wspomniał o projekcie, ale powiedział, że uwagi wyśle po egzaminie",Ula,HSMAD 2019
81,1592219058,"Inne estymatory funkcji przeżycia niż km, opisać parametryczne szacowanie hazardu w rozkładzie wykładniczym, jak sprawdzić ze dane są z wykładniczego, test logrank, co to podatność, estymator breslowa, sub-dystrybuanta, hazard dla sub-dystrybuanty. ogólnie to było miło, więc się nie ma czego bać ;)",Ula,HSMAD 2019
82,1592218876,To ja zacznę:,Ula,HSMAD 2019
83,1591430766,Zdjęcie do kolan a tam niżej pewnie zielone kuboty,Ula,w ogóle
84,1590948169,"ja nie bylam w domu od początku marca, a do krk moge pojechać dopiero na początku lipca i troche cieżko mi powiedzieć że najpierw jadę chlać, a dopiero potem przyjadę do domu xD",Ula,1590948169
85,1590588853,"Ja też mam sesje, do końca czerwca",Ula,1590588853
86,1589803560,"A mi mówi, że idzie grać na komputerze...",Ula,w ogóle
87,1588510185,tak,Ula,Matematyka PW 2016
88,1587136612,Maria Kluziak 20? Albo chociaż 19:30 jak to za późno. Tam się trzeba jakoś logować? ,Ula,w ogóle
89,1587136408,A może być trochę później? Bo my nie mamy alkoholu i Cyba się szykuje na wyprawę po zakupy (na kolację też nic nie mamy jak coś),Ula,w ogóle
90,1586511440,,Ula,w ogóle
91,1586098095,a ja będę,Ula,w ogóle
92,1586098055,O jakie ładne <3,Ula,1586098055
93,1586016883,"Anna Maria Sikorska ja też na pewno nie zdąże. Wydaje mi się że ktoś się zgłaszał na poniedziałek jeszcze, chyba Kamil Kustra z MUFu",Ula,Matematyka PW 2016
94,1585335326,XDDD sama bym się pomyliła,Ula,w ogóle
95,1584969333,Które to będą referaty? 5 i 6?,Ula,HSMAD 2019
96,1584822739,Też w to z Cziba gramy!!,Ula,w ogóle
97,1584788280,"Może poczekajmy jeszcze, jak wystarczająco późno się odezwie, to może nam odpuści prezentacje",Ula,HSMAD 2019
98,1584470090,Ja musze dokończyć raport i nie dam rady teraz :c,Ula,w ogóle
99,1584463939,Miałam nadzieję że dluzej im zajmie ogarnięcie tego :c,Ula,HSMAD 2019
100,1584463209,"Jaki mail, bo ja nie dostałam?",Ula,HSMAD 2019
101,1584194988,Konrad Gajek albo ten nowy serial o epidemii z Gwyneth Paltrow,Ula,w ogóle
102,1584194452,"Oo, podoba mi się pomysł!",Ula,w ogóle
103,1584029811,"spoko, to po 20, ja mogę pomóc coś naskrobać ;)",Ula,HSMAD 2019
104,1581670977,Dacie znać jak będziecie blisko?,Ula,1581670977
105,1581362335,Ryszard Wojnarowski mam tu przekopiować odpowiedź? XD,Ula,1581362335
106,1581362286,Zygmuntowska 29 ale mogę gdzieś podjechać bliżej centrum np Lea,Ula,1581362286
107,1581278872,Z sentymentu do Braci Golec trzeba do Milówki,Ula,1581278872
108,1581080447,"Mnie pytal o to samo, co Damiana tylko zamiast testów dla wielu próbek były testy skali, plus dodatkowo związek między tau kendalla a ro spearmana (wykres)",Ula,HSMAD 2019
109,1581024109,Dzięki za ogarnięcie :),Ula,HSMAD 2019
110,1581022411,"Anna Maria Sikorska nie, nie. Nie chciałam być pierwsza, ale to chyba nieuniknione xD",Ula,HSMAD 2019
111,1581022214,"Dobra, ale to jak tak mało osob, to chyba musimy zmienić tak żeby od 10:15 wchodzić",Ula,HSMAD 2019
112,1580929027,Do soboty będę wiedziała czy mi pasuje xD,Ula,1580929027
113,1580928878,"Ryszard Wojnarowski chyba nie, tak pytam z ciekawości",Ula,1580928878
114,1580927133,a termin jest ostateczny?,Ula,1580927133
115,1580816004,Dzięki ;),Ula,HSMAD 2019
116,1580808541,"Problemy dopasowania zbyt dużego i zbyt małego modelu, FWER, procedura Holma i Hochberga",Ula,Matematyka PW 2016
117,1579818606,"Ja bym chciała, ale to jest praktycznie w sesji :c",Ula,1579818606
118,1578401475,Mnie nie ma :c,Ula,w ogóle
119,1578069534,Mój telefon tak nie potrafi xD,Ula,1578069534
120,1577818760,Kupić jakieś carskoje czy mamy?,Ula,1577818760
121,1577806519,"Konrad Gajek tam to akurat wiem, bo obok nie ma Lidla",Ula,1577806519
122,1577805764,Marysia Paleczny zrozumiano!,Ula,1577805764
123,1576505178,Ja!,Ula,HSMAD 2019
124,1575970569,"Marysia Paleczny ja chętnie więcej kupię, bo tonę w kolokwiach :c",Ula,1575970569
125,1575665075,Ja!,Ula,w ogóle
126,1574523346,Maria Kluziak dla mnie spoko!,Ula,w ogóle
127,1574444920,Albooo może gdzieś gdzie są planszowki?,Ula,w ogóle
128,1574438637,"Nie wiem, a gdzie się teraz baluje w Krakowie?",Ula,w ogóle
129,1574353372,Oliwia Gadomska dziękuję ;),Ula,HSMAD 2019
130,1574352334,Pytaliscie może dzisiaj czy są jakieś ograniczenia na te kartę wzorów?,Ula,HSMAD 2019
131,1573574633,potwierdzam,Ula,1573574633
132,1573070539,"W usosie mamy normalnie plan na 15, więc chyba nie :c",Ula,HSMAD 2019
133,1570900370,"My jesteśmy w tej drugiej sali, zaraz przy wejściu",Ula,w ogóle
134,1570898129,Ja i Cziba będziemy pewnie jakoś 19:10,Ula,w ogóle
135,1570825920,"Można, a jak nie tam, to proponuję nowy kraftowy bo jakoś tam jest fajnie :3",Ula,w ogóle
136,1570518287,Tak! <3,Ula,w ogóle
137,1562252071,"Wojtek Fedeńczak nie no, do Jaszczurów będziemy chodzić jak już kolana nam nie pozwolą schodzić po schodach",Ula,w ogóle
138,1561720094,Ja dzisiaj odpadam :c,Ula,w ogóle
139,1561130440,Ale on jest na dołku przecież,Ula,w ogóle
140,1560085512,"Ryszard Wojnarowski Antuan sam zapłacił z tego co pamiętam, nie pamiętam po ile :c",Ula,1560085512
141,1559742182,"Ryszard Wojnarowski 68 za oscypki i bunc (ten biały ser, nie wiem jak to się pisze)",Ula,1559742182
142,1559585737,"Na Zakrzówku będzie strasznie dużo komarów, Zajezdnia chyba lepsza",Ula,w ogóle
143,1559421316,To samo pomyślałam ale nie chciałam wyjść na rasistkę xD,Ula,w ogóle
144,1558460064,"Chciałam o to pisać właśnie xd No, 17:45 jest spoko, chociaż nie wiem jak to działa bo otwarcie bram jest o 18. I jak cos to prawdopodobnie mam dwie dodatkowe wejściówki, więc jakbyście kogoś znali kto bardzo chce iść, to powinno dać radę :3",Ula,w ogóle
145,1556047997,Ja i Cziba też,Ula,w ogóle
146,1555507731,"A ja się spóźnię jakoś 1.5 Fedenczaka bo praca, przepraszam :c",Ula,w ogóle
147,1555009761,"Mi się tam zdarzyło śpiewać, nie polecam xD",Ula,w ogóle
148,1554547125,Ryszard Wojnarowski wezmę cytrynkę,Ula,w ogóle
149,1554543527,Ej a co pijemy? #teamwódka,Ula,w ogóle
150,1554543406,Marcel Mroczek koniecznie!,Ula,w ogóle
151,1554036323,Ja będę!,Ula,w ogóle
152,1550601242,Mnie w sobote nie ma :c,Ula,w ogóle
153,1550499936,Ja chętnie :3,Ula,w ogóle
154,1549633732,No to ja Ci wezmę,Ula,1549633732
155,1549629968,Spoczko c:,Ula,1549629968
156,1548430971,"Ja sie zgadzam, jakbym wiedziała, ze teorie tez trzeba zdac, to zaczelabym sie jej wcześniej uczyć. Moze trzeba do niego napisac jakiegos maila",Ula,Matematyka WMiI UJ 2016-2019
157,1544354061,"1. Tak
2. Grzane wino
3. Jakies wino na pewno przyniose i moge cos kupic/zrobic dodatkowo
6. Pracuje do 17:30, nie dojade tam przed 18:30 :c",Ula,1544354061
158,1543753938,"Można rozdzielić na prezenty dla dziewczyn i dla facetow. Dla facetów moglyby byc krawaty (nie wiem, jak to cenowo wypada), a dla dziewczyn nie mam pomyslu :c",Ula,1543753938
159,1543416994,Albo coś bardziej praktycznego. Jak szampon np xD,Ula,1543416994
160,1543416810,Wojtek Fedeńczak ej też pomyslalam o kubkach! Albo o skarpetkach,Ula,1543416810
161,1543410370,Ja chcę w prezenty,Ula,1543410370
162,1540143634,"Noo, chyba tak. Ale to nie jest jakaś duża strata ;)",Ula,1540143634
163,1539632615,Może społem deluxe?,Ula,1539632615
164,1539261801,"To się pisze #tbt a nie jakieś ""sentymentalnie"" xD",Ula,1539261801
165,1533388503,"Mnie nie będzie, przepraszam :c",Ula,w ogóle
166,1532945491,"No ja prawdopodobnie w sobote dopiero wracam do Krk, wiec dla mnie spoko :3",Ula,w ogóle
167,1532028705,"No właśnie próbuje sie dowiedziec, czy jest dla niego miejsce",Ula,w ogóle
168,1532027846,Mozna z plusem?,Ula,w ogóle
169,1531648726,Ja jednak nie zdążę wrócić do Krakowa na mecz :c,Ula,w ogóle
170,1529957684,"Mnie w piątek nie ma, dziadkowie się stęsknili ;)",Ula,w ogóle
171,1529755568,A czy macie stare egzaminy? Bo ja znalazłam tylko z 2013,Ula,Matematyka WMiI UJ 2016-2019
172,1529689518,"Ja bede jakos 20:10, wiec gdybyście szli w konkretne miejsce, to dajcie znać, proszę c:",Ula,w ogóle
173,1529671449,A o której?,Ula,w ogóle
174,1529599833,bardzo na tak,Ula,w ogóle
175,1528826588,"Ale on mowil, ze wtedy za samo wypisanie wzoru nie ma punktu xD",Ula,Matematyka WMiI UJ 2016-2019
176,1528826323,"Ja w sumie nie wiem. Co jak potem dowali takimi zadaniami, ze nawet nie będziemy wiedzieli, którego wzoru użyć?",Ula,Matematyka WMiI UJ 2016-2019
177,1528493624,W temacie,Ula,w ogóle
178,1528034117,To jest pewnie jedna z tych korpo-imprez,Ula,w ogóle
179,1527518023,.,Ula,w ogóle
180,1527098172,Rysiu?,Ula,w ogóle
181,1527097644,"Ja jeszcze nie wiem, czy będę, zależy jak mi pójdzie nauka w piątek :c",Ula,w ogóle
182,1526818333,No ja mogę,Ula,w ogóle
183,1526546617,W sumie niedziela spoko,Ula,w ogóle
184,1526492493,Mam taką samą koszulę!,Ula,w ogóle
185,1524948491,Dla mnie spoko,Ula,1524948491
186,1523987482,Moge podjechac na borek :),Ula,1523987482
187,1523049427,Ode mnie 2 lajki c:,Ula,1523049427
188,1522258631,"A, i jak cos, to tam nie mozna placic kartą",Ula,bardzo
189,1522258204,Carpe na rogu florianskiej i tomasza. To drugie chyba juz jest zamkniete,Ula,bardzo
190,1522253085,Jest do carpe na 20 na moje imie. Na 10 osob,Ula,bardzo
191,1522247607,"Tam i tak jest od 18, wiec dopiero wtedy bede mogła zadzwonic",Ula,bardzo
192,1522247344,"A w razie gdyby nie było miejsc w carpe, to probowac pub pod ziemią? Bo w sumie troche nas sporo, a do carpe lubi chodzić dużo osób",Ula,bardzo
193,1522246826,Postaram się :3,Ula,bardzo
194,1522245692,"Tylko trzeba zarezerwować miejsca, bo potem może być ciężko",Ula,bardzo
195,1522245615,"W carpe jest w prawdzie tragiczny prowadzący, ale za to pub pod ziemią jest tragiczny, wiec lepiej carpe",Ula,bardzo
196,1522245569,Pub quiz to dobry pomysł <3,Ula,bardzo
197,1522245559,Ejjjj,Ula,bardzo
198,1522104639,"W sumie moją tradycją byłoby nie przychodzić, ale postaram się być :3",Ula,bardzo
199,1520631289,Ja też chętnie :3,Ula,bardzo
200,1520006046,"Mowilam dzisiaj, że ją zwerbują do Projektu Lady xDD",Ula,1520006046
201,1519900572,Chce mi się spać na samo wspomnienie [*],Ula,1519900572
202,1518732353,Weź wieńce!,Ula,1518732353
203,1518687924,A śpiwór? Czy tam jest pościel?,Ula,1518687924
204,1518642747,Ja mam bardzo fajne zapalniczki :),Ula,1518642747
205,1518479761,Poszło :3,Ula,1518479761
206,1518300090,19:40?,Ula,bardzo
207,1518297074,Tez bym była wdzięczna za stuptuty :),Ula,1518297074
208,1518120067,,Ula,bardzo
209,1518117581,A moze zróbmy też piwo jutro albo w sobotę :3,Ula,bardzo
210,1517423360,Ja mogę już w ten weekend!,Ula,bardzo
211,1517166957,When the wheels touch ground!,Ula,1517166957
212,1516221940,W quizach w pubach zawsze <3,Ula,bardzo
213,1516010788,Ja jestem bardzo za :3,Ula,bardzo
214,1515678358,takie testowanie silnej woli studentów powinno być karalne :c,Ula,bardzo
215,1514731782,"A jak sie nazywal ten przystanek, z którego było troche dalej i sie szło ulicą koło sklepu?",Ula,1514731782
216,1514640974,"Więc jeśli liczba pobrań się zwiększyła, to to byłam ja",Ula,1514640974
217,1514640728,To można ściągnąć <333,Ula,1514640728
218,1514591620,Ja mam 21,Ula,bardzo
219,1514469882,.,Ula,1514469882
220,1513682303,"Ja bym była za mBankiem, bo podoba mi sie ten plot twist, że w końcu odrzucili wniosek",Ula,1513682303
221,1512985058,Tylko wątroby w trochę gorszym stanie,Ula,1512985058
222,1511807404,A w ogole to powodzenia na egzaminie!,Ula,bardzo
223,1511703366,"Oo, super :3",Ula,1511703366
224,1511703274,"W przyszłą sobotę jestem na APFie, jest szansa zeby ktoś losował za mnie?",Ula,1511703274
225,1511458212,XDDD,Ula,1511458212
226,1511457879,Co mowi antuan bo nie widzę jak przybliżam? :c,Ula,1511457879
227,1511457457,"Ja powinnam mówić, ze mnie to w sumie wszystko jedno xD",Ula,1511457457
228,1508175732,"To zdjecie wyglada jak ta scena z harrego pottera, gdzie wszyscy podnoszą różdżki xD",Ula,bardzo
229,1507289941,"Było mówić od razu, że będzie wino!",Ula,1507289941
230,1506451012,"Ejj, bo ja jestem. Poszliscie czy jeszcze nie przyszliscie?",Ula,bardzo
231,1506447110,Czyli nie idziemy na pub quiz i idziemy do legend?,Ula,bardzo
232,1506441729,Zalezy od prowadzącego,Ula,bardzo
233,1506441719,"Zalezy. W totu sie zaczynalo 20:15, a jak poszlismy w Poznaniu, to punkt 20",Ula,bardzo
234,1506440854,"Z tym ze do zaczka chodzi sporo osób, a juz sie zaczęli zjeżdżać studenci, wiec bezpieczniej byloby zrobić rezerwację",Ula,bardzo
235,1506440771,"Ja moge i pub quiz, tylko nie wyrobie na 20, tylko jakos 20:15 :c",Ula,bardzo
236,1506434294,Polecam się xD,Ula,bardzo
237,1506432377,To będziesz tańczył,Ula,bardzo
238,1505306746,,Ula,1505306746
239,1504871483,"Te sie chyba najbardziej opłaca, bo jak sprawdzałam inne, to są mniej więcej 2 razy droższe",Ula,bardzo
240,1504871450,,Ula,bardzo
241,1504871441,,Ula,bardzo
242,1504870397,"Ooo, kręgle!",Ula,bardzo
243,1503676653,Ja mam już spakowaną!,Ula,1503676653
244,1503657379,Milonerzy mnie kupili,Ula,1503657379
245,1503253444,Wojtek Fedeńczak sie musi nauczyć robić szczęśliwą minę xD,Ula,bardzo
246,1500903915,"jak zrobicie 3ego września, to możecie połączyć z urodzinami Izabela Kmieć xD",Ula,1500903915
247,1499889192,"Pewnie! Ale bez obgadywania tego, jak bardzo sie upilam w niedzielę xD",Ula,bardzo
248,1499888797,"Nie ma mnie w Krakowie, ale dzięki! :)",Ula,bardzo
249,1498647433,Iterowane albo jednoczesna parametryzacja (1 i 2). Z zagadnień cos z transformata fouriera itd plus calka z formy na podrozmaitosci zorientowanej,Ula,UJ Matematyka 2015/16
250,1497605880,A gdyby chodziło o sojonez? XD,Ula,1497605880
251,1497436037,"3 to chyba więcej niż 2, ale ja nie mogę bo mam SESJĘ",Ula,1497436037
252,1497435977,"Wygląda jak normalna teoria, masz 3 definicje, 2 twierdzenia i 5 prawda fałsz. Chyba dają na to jakies 15-20 minut, a potem każą ci sobie iść",Ula,UJ Matematyka 2015/16
253,1497376422,Nie ma za co!,Ula,1497376422
254,1493230458,Ja mogłabym być koło 10 :),Ula,NETIA OFF CAMERA 2017 - RECEPCJA
255,1493068099,"Te czerwone kubeczki wcale nie są tak fajne, jak brzmią",Ula,1493068099
256,1488376277,Ja bym chciała,Ula,UJ Matematyka 2015/16
257,1486424020,słoneczniki ponoć przynoszą pecha,Ula,1486424020
258,1485627586,"W sensie no, nad zespolonymi. Tak  mnie uczyli przynajmniej, ze to sie nazywa skośna symetria :c",Ula,1485627586
259,1485626961,W przestrzeni unitarnej jest,Ula,1485626961
260,1485626288,Wiem tylko co to skośna symetria iloczynu skalarnego :c,Ula,1485626288
261,1484608729,to też jest dobre c:,Ula,1484608729
262,1484608713,https://www.youtube.com/watch?v=ZeBrnuQxEsQ,Ula,1484608713
263,1484348053,,Ula,1484348053
264,1483201655,20,Ula,1483201655
265,1482961033,"Ponoć najpierw trzeba popryskac białym, a potem kolorowym, wtedy kolor jest w pełnej okazałości :3",Ula,UJ Matematyka 2015/16
266,1482920328,W Woogie Boogie <3,Ula,1482920328
267,1482494814,Izabela ten komentarz jest cudowny <3,Ula,1482494814
268,1482459952,Dobry fotograf Krzysztof Wende,Ula,1482459952
269,1482209754,20:30? :3 i tak planujemy caaaala noc,Ula,1482209754
270,1480357121,Za wyjątkiem i pomarańcz!,Ula,1480357121
271,1480352433,"jakby Misiu dal rade w srode, to optowalabym za sroda. jeden dzien na uczelni mozna ominac, a moglabym wczesniej jechac do dziadkow :) ale jak cos, 22.12 spoko",Ula,1480352433
272,1480349501,Jak hip hop. Nie chip chop,Ula,1480349501
273,1480349484,*hop :c,Ula,1480349484
274,1479730328,*jadę. I ponad xD,Ula,1479730328
275,1479729464,DZIEWIĘĆ,Ula,1479729464
276,1479729458,przesłuchałam to 9 razy w drodze na uczelnie :c,Ula,1479729458
277,1478629974,"Mam kolokwium z rachunku prawdopieństwa, a to bardzo dobry powód, żeby na nie nie iść",Ula,1478629974
278,1478366192,,Ula,1478366192
279,1478343227,Trzeba to zgłosić i dostaniesz 4 tysiące za urodzenie zdeformowanego płodu,Ula,1478343227
280,1478196664,Siedzimy w tym razem :*,Ula,1478196664
281,1477681865,Moja pięknaaa :* <3 :**,Ula,1477681865
282,1476473549,https://youtu.be/41dVLev3AHg,Ula,1476473549
283,1473332316,Napisalam do Ciebie wiadomość :),Ula,UJ Matematyka 2015/16
284,1473330850,"W sumie, ja bym mogła, mam 14stego o 10:00",Ula,UJ Matematyka 2015/16
285,1472827478,"Ma byłą, nie wiem, czy to się liczy",Ula,1472827478
286,1472325330,"Nie wiem, czy to dobrze D:",Ula,1472325330
287,1471457937,"Jak to mówią, co dwie brody to nie jedna!",Ula,1471457937
288,1470434249,"Ty jesteś blondynką, masz prawo być głupia xD",Ula,1470434249
289,1470434173,"jak coś, to pójdzie na Ciebie, ze sie wygadałaś :3",Ula,1470434173
290,1468160042,"Ja generalnie uciekam na ŚDM, ale jak będzie dobra impreza, to mogę wrocic na jeden dzien xD",Ula,1468160042
291,1467311190,1:0 dla Polski,Ula,1467311190
292,1466877684,Wracajcie tańczyyyyć :3,Ula,1466877684
293,1466240214,W 10 oprocz Cayley'a i Lagrange'a jest warunek rownowazny ideał maksymalny/pierwszy w pid i ze pierscien euklidesowy jest pid,Ula,UJ Matematyka 2015/16
294,1466161730,"Czym jest charakteryzacja grup cyklicznych? To samo co klasyfikacja, czyli to z rzędem?",Ula,UJ Matematyka 2015/16
295,1466002181,14 to tak o 10 za duzo [*],Ula,UJ Matematyka 2015/16
296,1466002022,"A czy ktos wie, czy te pytania sie powtarzają? W sensie, czy są na przyklad 3 zestawy, czy z 10?",Ula,UJ Matematyka 2015/16
297,1465980522,Jak to nie ten? Szyby pękają jak śpiewasz! C:,Ula,1465980522
298,1464208547,"Laptop a nie laptopa, a Ula to z malej litery :C",Ula,1464208547
299,1462987219,"Super, dziekuje!",Ula,UJ Matematyka 2015/16
300,1462819896,<33333,Ula,1462819896
301,1461524008,:c,Ula,1461524008
302,1461523964,Piątek?,Ula,1461523964
303,1460923218,za to mogę w dowolny poniedziałek!,Ula,1460923218
304,1460923158,wyjeżdżam w przyszły weekend :c,Ula,1460923158
305,1460838581,,Ula,1460838581
306,1460575348,"wazniejsze pytanie, czy ktos ma rozwiązanie? :3",Ula,Grupa 2 semestr letni
307,1460312543,Obydwie nie żyjemy. To będzie piękna śmierć,Ula,1460312543
308,1460312515,xDDDDDDDDDD,Ula,1460312515
309,1460312431,"to nie dłuto, to różdżka :c",Ula,1460312431
310,1460311993,"Wiem, ale to zdjęcie jest tego warte xD",Ula,1460311993
311,1459956928,"No, to razem 20 xD",Ula,1459956928
312,1459928945,20kg temu [*],Ula,1459928945
313,1455632295,"Wiedzialam, ze znam ten zespol. Mimo, ze sie nie znam na muzyce :3",Ula,1455632295
314,1453480307,To nawet nie jest śmieszne :c,Ula,1453480307
315,1452720382,Nie musisz dziękować :3,Ula,1452720382
316,1452103793,"Bartek Kąkol spamujesz mi tablice xD znaczy, Ala bardzo ladny spam :3",Ula,1452103793
317,1451244559,"Dobrze, że macie więcej tych czapek xD",Ula,1451244559
318,1450859257,XDD,Ula,1450859257
319,1450563701,"o, właśnie, jeszcze coś do picia. można ogarnąć jakiś Złoty Potok albo Złotego Bażanta",Ula,Wigilia Wigilii Wigilii
320,1450563520,za to mogę przynieść świeczkę Caritasu,Ula,Wigilia Wigilii Wigilii
321,1450562246,Zabijmy karpia!,Ula,Wigilia Wigilii Wigilii
322,1450562147,Sernik? :3,Ula,Wigilia Wigilii Wigilii
323,1450425077,"Zawsze możemy kupić barszcz Winiary, albo pójść o krok dalej i zainwestować w podróbki z Biedronki :3",Ula,Wigilia Wigilii Wigilii
324,1450205014,Paulina ma jeszcze rysunek szczęśliwej marchewki,Ula,Grupa 2
325,1450036370,Restricted Area,Ula,1450036370
326,1450026523,ulgowy :3,Ula,1450026523
327,1449691996,"Dostałam 3 z kolokwium z analizy. Lepiej być nie mogło, dosłownie.",Ula,1449691996
328,1448625540,"To jak, koło 18 w alter? I kto w ogóle idzie? :3",Ula,Grupa 2
329,1448481084,byleby tanio,Ula,Grupa 2
330,1447664820,UB łączy się w bólu. Dosłownie.,Ula,1447664820
331,1446928944,Gdzie pracujesz???,Ula,1446928944
332,1446721154,https://youtu.be/CEIeb85DkCs,Ula,1446721154
333,1445771407,"Dokładnie tak sobie wyobrażam minę mojego ćwiczeniowca od algebry, zaraz po tym, jak stwierdzi, że monotonia życia mu obrzydła i musi wymordować pół Krakowa :3",Ula,1445771407
334,1445289326,"może się przydać, choć już przed przeczytaniem, ""naszego ćwiczeniowca"" brzmi niezbyt zachęcająco D:",Ula,Grupa 2
335,1445189346,"jak cudownie, to idziemy!  <3",Ula,Grupa 2
336,1443980356,"Albo nie, bo nikt nie odpisuje :c",Ula,UJ Matematyka 2015/16
337,1443977769,Tak! C:,Ula,UJ Matematyka 2015/16
338,1443632034,"Ja planuje, tylko nie wiem, jak sie poznamy D:",Ula,UJ Matematyka 2015/16
339,1443627541,I nie zamarzniemy?,Ula,UJ Matematyka 2015/16
340,1443627387,"Czyli co, widzimy ta 20sta pod Lewiatanem?",Ula,UJ Matematyka 2015/16
341,1443621766,"piwo bardzo na tak, tylko wieczorem c:",Ula,UJ Matematyka 2015/16
342,1443618541,"plus, jak pouczysz się dzisiaj, to do poniedziałku i tak zapomnisz, więc bez sensu. lepiej iść na piwo, to rozjaśnia umysł c:",Ula,UJ Matematyka 2015/16
343,1443617692,Niewiecie :c,Ula,UJ Matematyka 2015/16
344,1443546123,Tez,Ula,UJ Matematyka 2015/16
345,1443525880,"Czwartek zlym pomyslem nie jest. Piatek i sobota tez nie. Acz jesli znajdzie sie mimo wszystko choc kilka osob na dzis, to ja podtrzymuje propozycje c:",Ula,UJ Matematyka 2015/16
346,1443127882,a miałam mieć na 10ta :c,Ula,UJ Matematyka 2015/16
347,1442928225,"Naprawdę optowałabym za żółtymi na następny raz, trzeba mierzyć wyżej! :3",Ula,Bucket List
348,1442781723,"oooo, tak, zwlaszcza kici kici",Ula,Bucket List
349,1441543745,"A najlepiej i koniec września, i początek października :3",Ula,UJ Matematyka 2015/16
350,1441112354,W piatek 4 godzinki pozniej c:,Ula,Ruch Wyzwolenia Mateosza Bendarka
351,1441045163,A jakby tak 4 godzinki pozniej? C:,Ula,Ruch Wyzwolenia Mateosza Bendarka
352,1437854755,"Za pozno propozycja, nie ma czasu ogarnac stroju :c",Ula,1437854755
353,1437771255,"Łucja, masz loki xD",Ula,1437771255
354,1436732219,Zwłaszcza Tomek. Tomkowi przydałby się gorset :3,Ula,1436732219
355,1430938155,Wg onetowskich odpowiedzi prevented :3,Ula,Ruch Wyzwolenia Mateosza Bendarka
356,1425156991,Lajk dla cinquecento <3,Ula,1425156991
357,1424556070,:3,Ula,1424556070
358,1424556064,https://www.youtube.com/watch?v=K2P39ost14k,Ula,1424556064
359,1424555626,błagam,Ula,1424555626
360,1424206584,:3 :3 :3 :3 :3 :3 :3,Ula,1424206584
361,1422292601,Jezu Chryste.,Ula,1422292601
362,1420151277,Sprzed dwóch lat :3,Ula,1420151277
363,1416679917,Albo wbic na wf do chlopakow,Ula,FRIDI Professional Volleyball Team ;)
364,1416679888,"Ale jakby byla szansa, moznaby gdzies pograc :3",Ula,FRIDI Professional Volleyball Team ;)
365,1416679856,Na cennych lekcjach z prof. Mrugalska nie bylam od roku,Ula,FRIDI Professional Volleyball Team ;)
366,1416672504,"I czy mamy wczesniej jakis trening, bo nie mialam w rekach pilki od roku?",Ula,FRIDI Professional Volleyball Team ;)
367,1409519151,Czadoman,Ula,1409519151
368,1405409024,"lajk, bo nie wierze D:",Ula,1405409024
369,1405079705,<3,Ula,Domówka na siódmym piętrze
370,1405079600,smutam podwójnie :c,Ula,Domówka na siódmym piętrze
371,1404161533,ja bym zainwestowala w kociolek <3,Ula,Sabat Czarownic
372,1404055689,"szalowo, ale jak dla mnie dopiero po przyszlej niedzieli",Ula,Sabat Czarownic
373,1403451074,"ogladamy lsnienie, podobno. tyle ze. o ktorej?",Ula,Duży Angielski gr.11 prof.Napiórkowska
374,1402755534,nie napisalam.,Ula,Duży Angielski gr.11 prof.Napiórkowska
375,1400522916,na zawsze w naszych sercach [*],Ula,Garaż
376,1400444056,cos w tym jest,Ula,Garaż
377,1400183712,<3,Ula,1400183712
378,1400183609,a Zosia wlasnie przełyka to coś : D,Ula,1400183609
379,1399928419,<3,Ula,FC Almert
380,1399920011,"w kolorze fuksji, zeby pasowaly do koszulek : 3",Ula,FC Almert
381,1399919986,to ja skombinuje pompony <3,Ula,FC Almert
382,1388774041,"ciekawie, nie powiem ;d poniedzialek brzmi ok : )",Ula,KLASA 3A GIM NR 16
383,1388076732,"O właśnie, a propos tego, jedzie ktoś 30 i jeśli tak to o której? :3",Ula,1388076732
384,1387320117,"nie no, błagam .. ;<",Ula,Ruch Wyzwolenia Mateosza Bendarka
385,1387309023,"Czekaj, czekaj, ale na pewno z podr do I klasy? Bo ja myslalam, ze to tylko z rozszerzenia, rozdzialy do natezenia pola.",Ula,Ruch Wyzwolenia Mateosza Bendarka
386,1387308060,"no i super, tylko ma ktos kevina zeby przyniesc? :)",Ula,Duży Angielski gr.11 prof.Napiórkowska
387,1383425968,ja tez na pewno ;d,Ula,Tymowa
388,1382475060,ja jestem za! ;d,Ula,Tymowa
389,1380822834,"Zosia? Ja pojade. Nawet jak będzie 9 osób, a ja jako ta 10, to i tak pojadę, nie martw się.",Ula,Tymowa
390,1375437539,"Ja bym sie tam nie cieszyla na waszym miejscu, tylko dla vipow <3",Ula,Mazury (14-27 lipca) RÓŻA WIATRÓW
391,1371050282,"weź, kostki nam będą potrzebne ;d",Ula,1371050282
392,1361392658,albo we wt na geo ;d,Ula,Ruch Wyzwolenia Mateosza Bendarka
393,1361042872,"a CV? bo chyba miało być na środę, to pewnie musimy to zrobić na pon.",Ula,Duży Angielski gr.11 prof.Napiórkowska
394,1359918378,"o, wlasnie chcialam o tym pisac ;d bo tak glupio wymachiwac tymi pomponami bez zadnego okrzyku.. ;d",Ula,FC Almert
395,1357154211,"tym bardziej chodźmy, nauczymy Cię ! ;d",Ula,WF DE
396,1357152959,"możemy jutro, bo mi się ćwiczyć nie chce. a jakby jej sie nie chcialo isc na blonia, to zawsze mozna pod galerie ;)",Ula,WF DE
397,1357146941,"tak, a najbardziej ""siódmą pieczęć"". ;d",Ula,1357146941
398,1357054529,"I jeszcze złota bransoletka, tyle, że nie wiem, czy ją wzięliśmy ;p",Ula,1357054529
399,1356799092,15 jest ok ;d,Ula,1356799092
400,1353963853,"No właśnie, bo to nie chodzi o to, żeby to był najlepszy prezent twojego życia, tylko raczej symbolicznie ;)",Ula,Ruch Wyzwolenia Mateosza Bendarka
401,1353520408,"Cicho Ania, spania ;d",Ula,Ruch Wyzwolenia Mateosza Bendarka
402,1352148358,"Ha ha jasne. Zapytamy, a ona na pewno to zrozumie i powie, że możemy.",Ula,Ruch Wyzwolenia Mateosza Bendarka
403,1352148264,"I tak nie poprawimy, to w sumie wszystko jedno ;p",Ula,Ruch Wyzwolenia Mateosza Bendarka
404,1352148209,"Musimy, prawda?",Ula,Ruch Wyzwolenia Mateosza Bendarka
405,1351774890,"Wrzuciłam, miłej nauki ;D",Ula,Ruch Wyzwolenia Mateosza Bendarka
406,1351195515,"Tak, za to obowiązuje nas to, czego nie mamy, bo studentka nie zostawiła prezentacji.",Ula,Ruch Wyzwolenia Mateosza Bendarka
407,1351195304,"a RNA? i plazmidy? bo to jest na prezentacji, a ja w ogóle nie pamiętam, żebyśmy coś takiego przerabiali",Ula,Ruch Wyzwolenia Mateosza Bendarka
408,1350841539,Czemu jak zwykle..? Przeciez ja zawsze wszystko robię ;p,Ula,Ruch Wyzwolenia Mateosza Bendarka
409,1350841312,o nie.,Ula,Ruch Wyzwolenia Mateosza Bendarka
410,1350841274,ale ona je będzie jutro zbierać?,Ula,Ruch Wyzwolenia Mateosza Bendarka
411,1350496473,"O, Jakub Müller, to ja ide do was ;)",Ula,Ruch Wyzwolenia Mateosza Bendarka
412,1349810017,"Zapomniała o ""całuskach"" ;(",Ula,Ruch Wyzwolenia Mateosza Bendarka
413,1349544715,"Ej, to chodźmy na ""Jesteś Bogiem"", co? Bo pierwszy temat w dyskusji o ""Tedzie"" na filmwebie, to ""Zabawny film, raczej nie dla kobiet"". A ja mam ochotę pójść jutro do kina ;d",Ula,Ruch Wyzwolenia Mateosza Bendarka
414,1349296556,"hahaha, bedziemy slawne i bogate ;d",Ula,1349296556
415,1349115151,a przerabialismy juz bezrobocie i strukture zatrudnienia?,Ula,Ruch Wyzwolenia Mateosza Bendarka
416,1348777923,"Haha no fakt, trochę jeszcze jesteśmy, ale jeszcze parę takich kartek z zadaniami i wolę nie wiedzieć, jak to się skończy ;D",Ula,Ruch Wyzwolenia Mateosza Bendarka
417,1348777605,Tak właśnie patrzę na tą Irenę i ona to rozwiązywała o 7:25. To nie jest normalne :D,Ula,Ruch Wyzwolenia Mateosza Bendarka
418,1348688599,"Nie wiem, ale bez oglądania go byłabym szczęśliwsza.",Ula,Ruch Wyzwolenia Mateosza Bendarka
419,1347478731,"Mi się wydaje, że chodzi o to, że mit nie ma konkretnej budowy, tylko liczy się treść. W tym trzecim fragmencie jest coś o substancji mitu itd.",Ula,Ruch Wyzwolenia Mateosza Bendarka
420,1342211500,haha taak. znowu ;*,Ula,1342211500
421,1605272623,Dziękuję :D,Kacper,
422,1605272619,Dziękuję :),Kacper,
423,1593807443,"Mi wyrzucili wszystkie obieraki z następnego roku i warsztaty z tego semestru. Warsztaty to było coś zamierzonego, ale reszta nie. Jeden mail do Pająka rozwiązał problem",Kacper,Matematyka PW 2017
424,1591696684,"niby jakieś zagadnienia są na jego stronie, ale to jest z kilka lat wstecz",Kacper,Matematyka PW 2017
425,1583800782,"Wiec tez trzeba sie zabezpieczyc dobierajac delta tak, by (x-delta, x +delta) byl podzbior U1",Kacper,Matematyka PW 2017
426,1583800551,"Tak jeszcze dodam, ze to ograniczanie z dolu mozemy robic o ile nasze arguemnty sa w U1, wiec te k raczej trzeba brac najmniejsze",Kacper,Matematyka PW 2017
427,1583584839,"Wzór na ENt definiując potrzebne pojęcia wyprowadzony z równania odnowy, udowodnić prawdziwość równania odnowy, miara spektralna dla białego szumu definiując potrzebne pojęcia",Kacper,Matematyka PW 2017
428,1583183805,"To: https://drive.google.com/drive/folders/1KDdptXNMt-PnzAG_SC8D2NNRPiPpE1qX?fbclid=IwAR0hurNvbKPJ8blFynShgXizEryq86GelMFXR5i9CYqj9NlVQR7CacHTW5o 

jest tym, co sie znajduje z dysku IADu o statystyce",Kacper,Matematyka PW 2017
429,1582573441,O - mozna by powiedziec na md3 ze sie idzie na warsztaty,Kacper,Matematyka PW 2017
430,1582541417,Komentarz,Kacper,Matematyka PW 2017
431,1581889424,Też chętny,Kacper,Matematyka PW 2017
432,1581538858,Kuba Bogusz ja moge sie zamienic na md3,Kacper,Matematyka PW 2017
433,1581534337,Ola Jagiełło to ja chetnie przyjme ;),Kacper,Matematyka PW 2017
434,1581534240,St \emptyset łówka,Kacper,Matematyka PW 2017
435,1581534025,"Kolizja: potrzebuje zamienic cwiczenia z modelowania o 16 na te o 14 (kolizja z seminarium o fraktalach)

Chialbym tez zamienic cwiczenia z md 3 z piatku od 14 na poniedzialek od 16",Kacper,Matematyka PW 2017
436,1581440709,"1. Zasada zachowania momentu pedu
2. Prawo Gaussa
3. Cykl Carnota
4. Wspolczynnik zalamania",Kacper,Matematyka PW 2017
437,1581362524,A wiadomo do kiedy można przychodzić?,Kacper,Matematyka PW 2017
438,1579130829,...............:D,Kacper,Matematyka PW 2017
439,1579127374,Od 3 strony są rozwiązania 10.7,Kacper,Matematyka PW 2017
440,1579127342,https://www.math.unl.edu/~sdunbar1/MathematicalFinance/Lessons/BrownianMotion/Transformations/transformations.pdf,Kacper,Matematyka PW 2017
441,1579087347,może coś tam jeszcze jest: http://mst.mimuw.edu.pl/lecture.php?lecture=was&part=Ch3,Kacper,Matematyka PW 2017
442,1579087330,10.3 jest całkiem ładnie na stronie... mimuw...,Kacper,Matematyka PW 2017
443,1576785010,"ktoś wie może czy w zadaniu 4 my mamy X minus x kreska, czy X myślnik x kreska oraz czy w ostatniej części zadania (przy tych nierównościach) to x kreska jest minimum na tym zbiorze wypukłym, czy na całej przestrzeni?",Kacper,Matematyka PW 2017
444,1576618016,"Pewnie będzie do godziny jak zazwyczaj + 15 + 10 + 5 + dopóki pani woźna nie spyta, czy już skończyliśmy",Kacper,Matematyka PW 2017
445,1575313161,"Te dwie strzałki to też miało być takie nawiązanie do oznaczenia CC , którego zdarzyło się uzyć na cząstkach. Tam bodajże to oznaczało, że zbiór się zawiera w innym też po jego domknięciu",Kacper,Matematyka PW 2017
446,1574370223,i Kubica już zalokoał miejsce na nową kartkówkę...,Kacper,Matematyka PW 2017
447,1574370182,ta z 12:15 też już raczej ma,Kacper,Matematyka PW 2017
448,1574260714,"Problem z tym, ze jak sie to poogranicza, to wychodziloby jakby tylko dla aloha =1 byl problem z dodatnia powracalnoscia (co by bylo otyle ciekawsze, ze wtedy bylby przyklad lancucha markowa ktory nie ma rozkladu stacjonarnegi, ale jest nieprzywiedlny i dodatnio powracajacy )",Kacper,Matematyka PW 2017
449,1574260615,Mam taki pomysl na rozpisanie wartosci oczekiwanej pierwszych powrotow,Kacper,Matematyka PW 2017
450,1574260402,Raczej dobrze wyglada,Kacper,Matematyka PW 2017
451,1574260203,"Izabella Korczak  a myslisz, ze ten warunke mozemy rospisac jako N_t1=1 i N_t1=0, to sa zdazenia rozlaczne wiec nam sie ten indykator rozdzieli na dwie czesci i na kazdej z nich mozemy powrocic do warunkowania na konkretna wartosc i na niej z niezaleznosci prsyrostow?",Kacper,Matematyka PW 2017
452,1574190668,"To można zrobić tak, ze E(N_t1 N_t4 (N_t3 - N_t2)) = E((N_t4 - N_t3)( (N_t3 - N_t2)(N_t1 - N_t0) + E(N_t3  (N_t3 - N_t2)N_t1) = niezal. = E(N_t4 - N_t3)E(N_t3 - N_t2)E(N_t1 - N_t0) +  E (N_t3 - N_t2)^2(N_t1- N_t0) + E((N_t3-N_t2)N_t2 N_t1) = ... itd. czyli tak na siłę chcemy mieć te przyrosty, one są niezależne, więc E iloczynu to iloczyn E i tylko pamiętamy o wszystkich składnikach",Kacper,Matematyka PW 2017
453,1574174350,"Może P(N_s = k|N_t = n) = P(N_t = n, N_s =k) / P(N_t = n) = P(N_t - N_s = n-k | N_s - N_0 = k) P(N_s = k)/P(N_t =n) = niezal. przyrostów = P(N_t - N_s = n-k) P(N_s =k) / P(N_t = n) i już te pstwa znamy",Kacper,Matematyka PW 2017
454,1574173920,Może tak: P(N_s = k | N_t = n) = P(N_s - N_t = k -n | N_t - N_0 = n) = niezal. przyrostów = P(N_s - N_t = k-n) i tu już włożyć odpowiednie pstwo rozkładu Poissona,Kacper,Matematyka PW 2017
455,1573597003,Dziękuję :),Kacper,
456,1573587074,Dziękuję :),Kacper,
457,1573587071,Dzięki :D,Kacper,
458,1573139020,"Tylko wciąż nie wiem jak się pozbyć tego założenia, że jeśli dla m_k nierówność działa, to dla m_k-1 ma nie działać",Kacper,Matematyka PW 2017
459,1573138992,To powinna być wyraźniejsza wersja,Kacper,Matematyka PW 2017
460,1573138981,,Kacper,Matematyka PW 2017
461,1572805466,"Co do podpunktu b) korzystamy ze wskazówki - to co chcemy pokazać to to, że w przestrzeni y algorytm spadku ze stałym krokiem s jest inaczej zapisanym algorymtem spadku z danego wzoru - musimy przekształcić i pamiętać, by zmienić także funkcję f.

mamy wtedy y_{k+1} = y_k - s nabla f_nowa (y_k). Możemy zapisać y_{k+1} - y_min = y_k -y_min - s (nabla f_nowa(y_k) - nabla f_nowa(y_min)) = (I - sD^1/2 Q D^1/2)(y_k - y_min), gdzie I to macierz jednostkowa. Oznaczmy A = I - sD^1/2 Q D^1/2. 

Chcemy pokazać, że A jest kontrakcją. Mozna pokazać, że jak p jest wektorem własnym D^1/2QD^1/2 odp. wart. wł. lambda, to jest to także wektor własny A odp wart. wł. 1-s lambda. Skoro mozemy utworzyć całą bazę przestrzeni z wektorów własnych D^1/2QD^1/2 (bo to macierz symetryczna), to chcemy, by dla każdej wartości własnej lambda macierzy D^1/2QD^1/2 zachodziło |1-s lambda| < 1. 

Powyższe prowadzi do podówjnej nierówności -1 < 1 - slambda <1, która po przekształceniach daje 2 > s lambda > 0 lub 2/lambda > s > 0. wartości własne D^1/2QD^1/2 są dodatnie a największe ""ograniczenie"" na możliwe wartości s daje nam największa wartość własna L i dla niej mamy 2/L > s >0, czyli s ma być z (0, 2/L). Dla takich parametrów macierz A jest kontrakcją. 

Teraz możemy zauważyć, że kolejne wyrazy ciagu postaci (y_k - y_min)_k powstają poprzez działanie A, tak jak 

y_{k+1} - y_min = A^k (y_1 - y_min). 

A skoro A jest kontrakcją to... chociażby z Tw. Banacha o punkcie stałym, bo R^n jest przestrzenią zupełną, mamy, że działając iteracyjnie poprzez A mamy się przybliżać do punktu stałego przekształcenia A - tym punktem stałym, jako, że A jest oczywiście przekształceniem linoiwym jest 0 - czyli y_k - y_min -> 0 lub inaczej y_k -> y_min. Mamy zbieżność :D 

p.s. bodajże można pokazać, że jeśli s >= 2/L, to dla tego wektora własnego odp. wart. wł. L nie bedziemy mieli zbieżności",Kacper,Matematyka PW 2017
462,1572801913,Tu rozpisałem o co mi chodziło,Kacper,Matematyka PW 2017
463,1572800856,"Chyba też można to rozumieć tak, że skoro szukamy najmniejszej naturalnej, to bardziej się spodziewamy, że musimy ileś razy sprawdzić czy coś działa i dopiero wtedy pójść do kolejnego etapu algorytmu",Kacper,Matematyka PW 2017
464,1572800713,Cóż... Tam bodajże jest że to najmniejsza naturalna i ta naturalność nieco przeszkadza (ale chyba nie trzeba się tym przejmować... Tzn. Nie to jest istotne w rozwiązaniu... Może),Kacper,Matematyka PW 2017
465,1572797418,"Ale sposób ma pewną wadę, bo w zasadzie zakladamy, że nierownosc gdzie ""definiujemy"" m_k musi nie działać dla m_k - 1",Kacper,Matematyka PW 2017
466,1572797358,"Ja polecam to rozwinąć z Twierdzenia Taylora w tym wzorze gdzie występuje co musi spełniać m_k, ale zamiast brać m_k, to rozwinąć to dla m_k - 1. Następnie ograniczamy hesjan przez to wyrażenie z M z założenia. To da nam pewną zależność między mi I parematrami s, beta, m_k Ioraz M. Nieco to przekształcając możemy uzyskać r",Kacper,Matematyka PW 2017
467,1572173170,"Ja chcę zrobić z Kuba Bogusz, ale skoro mogą być grupy po 4 osoby, to może razem?",Kacper,Matematyka PW 2017
468,1570448546,Powod 1 (problem z drugim kierunkiem) chce zostac od 12,Kacper,Matematyka PW 2017
469,1569874284,Dzięki :),Kacper,Matematyka PW 2017
470,1569874002,To Hubert Grochowski jeszcze poproszę żeby dopisal,Kacper,Matematyka PW 2017
471,1569868434,Ma ktoś ochotę wziąć funkcjonalna na 10 w pt w zamian za 12?,Kacper,Matematyka PW 2017
472,1569770205,Hubert Grochowski to jeszcze do zmian dołóż także ja laby z optów wtorek o 8:00 z Patryk Lis laby ze środy od 14,Kacper,Matematyka PW 2017
473,1569752265,(Środowe cwiczenia od 12),Kacper,Matematyka PW 2017
474,1569752219,Hubert Grochowski dopisz do excela zamianę ja z ćwiczeń z optow wtorkowych na cwiczenia środowe w zamian za Marta Brzezińska,Kacper,Matematyka PW 2017
475,1569749269,Bo chętnie wezmę te środowe,Kacper,Matematyka PW 2017
476,1569749246,Marta Brzezińska czy już się z kimś zamienilas?,Kacper,Matematyka PW 2017
477,1569749179,Potrzebuję zamienic się z poniedziałkowej fizyki na środowa (kolizja z miara) oraz z wtorkowej optymalizacji na środowa (kolizja z rp2).,Kacper,Matematyka PW 2017
478,1553874145,Jak można...,Kacper,Matematyka PW 2017
479,1553028580,świetnie :D,Kacper,Grupa5 IiAD 2018
480,1553025393,A sa one punktowane?,Kacper,Grupa5 IiAD 2018
481,1552953402,nie poluzuje najwyższego guzika pewnie,Kacper,Nowe F7 MiNI
482,1551291567,U mnie tez juz wszystko dobrze. Dziekuje :D,Kacper,Inżynieria i analiza danych MiNI 2018
483,1551102803,Info od Partęki - prwadzącej laby między 14 a 16,Kacper,Inżynieria i analiza danych MiNI 2018
484,1551102734,Najwidoczniej jakaś ŋłupota jest na Usosie,Kacper,Inżynieria i analiza danych MiNI 2018
485,1551101966,punktowane bedziecie mieli opóźnione o tydzień,Kacper,Inżynieria i analiza danych MiNI 2018
486,1550839816,"To ja chętnie bym ""zaklepal"" taka zamianę ;)",Kacper,Inżynieria i analiza danych MiNI 2018
487,1550825658,Wezmę laby wt. 18-20 w zamian za wt. 14-16. Pozostałe terminy labow koliduja mi z innymi zajęciami.,Kacper,Inżynieria i analiza danych MiNI 2018
488,1550751421,Ja potrzebuje oddac wtorkowe laby z 14-16 wzamian za laby (tez wtorek)18-20 - kazdy inny  powoduje u mnie kolizje,Kacper,Grupa5 IiAD 2018
489,1549671060,To faktycznie nieładnie,Kacper,Matematyka PW 2017
490,1549670833,Czym sobie Pan Kacper... nagrabił?,Kacper,Matematyka PW 2017
491,1548955885,.!,Kacper,Matematyka PW 2017
492,1548955726,.,Kacper,Matematyka PW 2017
493,1548938169,.,Kacper,Matematyka PW 2017
494,1542073011,Dzięki :D,Kacper,
495,1542072997,Bardzo dziękuję :D,Kacper,
496,1542059133,Dziękuję :) :D,Kacper,
497,1542059124,Dziękuję :) :D,Kacper,
498,1542059114,Dziękuję :) :D,Kacper,
499,1542059097,Dziękuję :) :D,Kacper,
500,1542059066,Bardzo dziękuję :D,Kacper,
501,1542059060,Bardzo dziękuję :D,Kacper,
502,1542059052,Bardzo dziękuję :D,Kacper,
503,1539292035,Hej,Kacper,Grupa5 IiAD 2018
504,1518802866,Teź bawi to jak w tej dyskretnej jest 27 osób ;),Kacper,Nowe F7 MiNI
505,1518801179,14:15,Kacper,Nowe F7 MiNI
506,1518538157,Ona nie była popsuta już wcześniej?,Kacper,Wyższa Szkoła w Skaryszewie - grupa dyskusyjna
507,1518537683,Ja sie chetnie zamienie,Kacper,Matematyka PW 2017
508,1516732677,Indeksy,Kacper,F8 2017-....
509,1510526639,Dziękuję :D,Kacper,
510,1510526633,Dziękuję :D,Kacper,
511,1510526628,Dziękuję :D,Kacper,
512,1510526588,Dziękuję :D,Kacper,
513,1510526583,Dziękuję :D,Kacper,
514,1510526576,Dziękuję :D,Kacper,
515,1510526571,Dziękuję :D,Kacper,
516,1510526565,Dziękuję :D,Kacper,
517,1510526559,Dziękuję :D,Kacper,
518,1510526553,Dziękuję :D,Kacper,
519,1510526547,Dziękuję :D,Kacper,
520,1510526540,Dziękuję :D,Kacper,
521,1510526523,Dziękuję :D,Kacper,
522,1500372312,"Matematyka, Politechnika Warszawska",Kacper,MAT-FIZ 3: Czasy Ostateczne
523,1488657690,:D,Kacper,Chemia 󾭚󾔊
524,1488657412,"roztwory czyli steżenia procentowe, molowe, mieszanki stężeń i obliczanie ph? Czy dochodzą te obliczenia równowagi reakcji?",Kacper,Chemia 󾭚󾔊
525,1488657296,Cudownie,Kacper,Chemia 󾭚󾔊
526,1481821491,Ja 22,Kacper,Chemia 󾭚󾔊
527,1480861250,Ja tylko związki organiczne,Kacper,Chemia 󾭚󾔊
528,1478994712,Bardzo dziękuję :),Kacper,
529,1478983443,Bardzo dziękuję ;),Kacper,
530,1478983423,Dziękuję :),Kacper,
531,1478983408,Bardzo dziękuję :),Kacper,
532,1478982471,Dziękuję ;),Kacper,
533,1478982456,Bardzo dziękuję :),Kacper,
534,1478982440,Dziękuję Machał 😂,Kacper,
535,1478962242,Dzięki :D,Kacper,
536,1478962190,Dzięki  :D,Kacper,
537,1478962167,Bardzo dziękuję :) ;),Kacper,
538,1478962146,Dziękuję :),Kacper,
539,1478962134,Dzięki 😃,Kacper,
540,1478962117,Dziękuję :),Kacper,
541,1478962099,Bardzo dziękuję :D,Kacper,
542,1478962066,Dzięki ;),Kacper,
543,1478962052,Dziękuję :),Kacper,
544,1478961946,Bardzo dziękuję :D,Kacper,
545,1477167445,Tutaj chyba mozesz postapic tak jak w tym zadaniem z dziewczynami (4.281) w zasadzie po prostu pytasz sie o to jakie prawdopodobienstwo bedzie tego ze masz biala z 30 kul,Kacper,MAT-FIZ 3: Czasy Ostateczne
546,1466621784,Gotówką,Kacper,
547,1466536283,też,Kacper,
548,1464719084,nie ma czegoś na librusie?,Kacper,MAT-FIZ 3: Czasy Ostateczne
549,1464627946,W sumie racja...,Kacper,MAT-FIZ 3: Czasy Ostateczne
550,1464625341,To ciekawe kiexy bedzie trzeba jej przypomniec zeby zamienila,Kacper,MAT-FIZ 3: Czasy Ostateczne
551,1459978550,"Tutaj robisz w zasadzie dokładnie tak, jak Iga robiła w zadaniu z walcem - jako oś obrotu można przyjąć punkt przyłożenia siły naciągu - wtedy  otrzymujemy mgR=(I+mR^2)E, czyli dalej mgR=3/2mRa i a=2/3g ( Stosujemy Twierdzenie Steinera)",Kacper,MAT-FIZ 3: Czasy Ostateczne
552,1456267699,"Przez co możesz całkiem łatwo określić, które miejsce zerowe jest większe, a które mniejsze",Kacper,MAT-FIZ 3: Czasy Ostateczne
553,1456267590,z pierwszym to nie ma aż takiego problemu bo parametr nie jest przy x^2,Kacper,MAT-FIZ 3: Czasy Ostateczne
554,1456267505,"powiedzmy... Sposób się znalazł taki, że analizowanie granic dla każdego pierwiastka...",Kacper,MAT-FIZ 3: Czasy Ostateczne
555,1456264147,zobaczymy jak pójdzie,Kacper,MAT-FIZ 3: Czasy Ostateczne
556,1456264140,Ja teraz staram się to zrobić,Kacper,MAT-FIZ 3: Czasy Ostateczne
557,1455568949,Turcja,Kacper,MAT-FIZ 3: Czasy Ostateczne
558,1451762271,Ale np. W poniedziałek ?,Kacper,MAT-FIZ 3: Czasy Ostateczne
559,1450717494,NIkt więcej?,Kacper,MAT-FIZ 3: Czasy Ostateczne
560,1450542041,Tez tak moge 󾌳,Kacper,MAT-FIZ 3: Czasy Ostateczne
561,1450542021,Tzn.? Wy chcecie zebynic nie bylo?,Kacper,MAT-FIZ 3: Czasy Ostateczne
562,1449943150,wiem .... tylko nie mam bladego pojęcia co u licha mam zrobić ...,Kacper,MAT-FIZ 3: Czasy Ostateczne
563,1448989300,Szybko ;),Kacper,Grupa językowa 2.5
564,1447610527,na to wygląda ( ale mogłaby wpisywać to do dziennika),Kacper,Grupa językowa 2.5
565,1447241259,same,Kacper,MAT-FIZ 3: Czasy Ostateczne
566,1447240067,buuu :(,Kacper,Grupa językowa 2.5
567,1447238676,oki - nie zmianiała nic a propos sprawdzianu?,Kacper,Grupa językowa 2.5
568,1447238656,tzn. z tymi co ich nie było?,Kacper,Grupa językowa 2.5
569,1447236536,i co z tymi bezgrupowymi/,Kacper,Grupa językowa 2.5
570,1447105500,Hej - kiedy przydzielała te regiony?,Kacper,Grupa językowa 2.5
571,1446064876,Ktoś może jeszcze ma tamto?,Kacper,MAT-FIZ 3: Czasy Ostateczne
572,1445818955,Ktokolwiek chętny?,Kacper,Grupa językowa hiszpański 1.6
573,1445799522,:D a zapraszamy zapraszamy :D,Kacper,Grupa językowa hiszpański 1.6
574,1445799444,"..""może"" ale nie ""będzie"" - stąd jest niezapowiedziana",Kacper,Grupa językowa 2.5
575,1444248657,"ale co nas to obchodzi, skoro jutro tematyczny?",Kacper,Grupa językowa 2.5
576,1443887035,Najważniejsze to coś napisać :D,Kacper,MAT-FIZ 3: Czasy Ostateczne
577,1435272637,"Możemy to napisać, a nawet powinniśmy, jeżeli nie mamy żadnego lepszego pomysłu",Kacper,MAT-FIZ 3: Czasy Ostateczne
578,1435271233,Tam nic nie ma !!!,Kacper,MAT-FIZ 3: Czasy Ostateczne
579,1435187109,"Może jest nadal jeszcze ta kategoria dla tych co nie mieli <4,5",Kacper,MAT-FIZ 3: Czasy Ostateczne
580,1435187100,..no niestety..?,Kacper,MAT-FIZ 3: Czasy Ostateczne
581,1435186590,Ciekawe co bedzie mowila dzisiaj na lekcji,Kacper,MAT-FIZ 3: Czasy Ostateczne
582,1435186486,Tak pozno....,Kacper,MAT-FIZ 3: Czasy Ostateczne
583,1435186385,Heh ... moge podeslac linka to sie moze rozjasni (ale na wakacje byloby dziwnie),Kacper,MAT-FIZ 3: Czasy Ostateczne
584,1435186305,-1/12 XD,Kacper,MAT-FIZ 3: Czasy Ostateczne
585,1435186220,.... oby.... na razie jednak....nic nie zmienia :) No chyba ze cieszymy sie na zapas na nastepny rok󾌳,Kacper,MAT-FIZ 3: Czasy Ostateczne
586,1435003978,Hej... ale tak tylko czysto hipotetycznie.... co jezelo dostaniemy kogos gorszego.... ?????,Kacper,MAT-FIZ 3: Czasy Ostateczne
587,1434655588,Zibiemu może jego podręcznik i atlas,Kacper,MAT-FIZ 3: Czasy Ostateczne
588,1434652636,ja także chcę,Kacper,MAT-FIZ 3: Czasy Ostateczne
589,1434390161,woooooooow,Kacper,Grupa językowa hiszpański 1.6
590,1434277137,Któraś klasa to pisała przedtem?,Kacper,MAT-FIZ 3: Czasy Ostateczne
591,1434190775,Albo w jakis sposob przeslac to juz teraz,Kacper,MAT-FIZ 3: Czasy Ostateczne
592,1434183438,Ale tak na serio to tam dawala jakies punkty do notatki o filozofii sarmackiej i trzeba odpowiedziec na 13 pytan co sa po przeczytaniu pamketnikow bodajze chryzostoma paska,Kacper,MAT-FIZ 3: Czasy Ostateczne
593,1434053224,"wypracowanie na 1,5 strony a4 - (oczywiście minimum 1,5 strony)",Kacper,MAT-FIZ 3: Czasy Ostateczne
594,1434045806,#illuminaticonfirmed,Kacper,MAT-FIZ 3: Czasy Ostateczne
595,1434045724,"Ja robię, bo i tak chcę  mieć  5 na koniec",Kacper,MAT-FIZ 3: Czasy Ostateczne
596,1434042521,"Racja - w sumie nie powinna - mimo wszystko, czy lepiej jest jeszcze bardziej ją rozdrażnić na nastepny rok? + co do np, to i tak bedzie kazała  sobie donieść",Kacper,MAT-FIZ 3: Czasy Ostateczne
597,1434041193,ale na serio - ktoś wie co się działo?,Kacper,Grupa językowa hiszpański 1.6
598,1434040184,chyba z 12,Kacper,MAT-FIZ 3: Czasy Ostateczne
599,1434039838,",,Przemijanie dziś i kiedyś - przedstaw motyw przemijania w  literaturze baroku z odniesieniem do biblijnej Ksiegi Koheleta'' i do tego przykłady",Kacper,MAT-FIZ 3: Czasy Ostateczne
600,1433782088,tak wiem - all year for all night :D,Kacper,Grupa językowa hiszpański 1.6
601,1433102745,"Iga, a te dane sa dostepne  w postaci wykresu ? Poza tym gratuluje zaangazowanua i rzetelnej pracy autorom :)",Kacper,MAT-FIZ 3: Czasy Ostateczne
602,1432152998,super :) thx,Kacper,MAT-FIZ 3: Czasy Ostateczne
603,1432152891,:D i oto chodzi :D,Kacper,MAT-FIZ 3: Czasy Ostateczne
604,1432150949,"W zasadzie to oba są (w pewnym sensie) zamienialne - non omnis moriar, nie wszystek umrę, to niemal to samo o co chodziło w wierszu ,,wzniosłem pomnik'', czyli exegi monumentum",Kacper,MAT-FIZ 3: Czasy Ostateczne
605,1431460890,albo że jej nie będzie,Kacper,MAT-FIZ 3: Czasy Ostateczne
606,1431460201,zrobiła już niezapowiedzianą kartkówkę - jak daleko jeszcze jest w stanie się posunąć .... :D,Kacper,Grupa językowa hiszpański 1.6
607,1431460179,pewne grupy z niemieckiego taki mają.... obym nie wykrakał,Kacper,Grupa językowa hiszpański 1.6
608,1431455971,no właśnie,Kacper,Grupa językowa hiszpański 1.6
609,1431455872,ktoś się z tego cieszy?,Kacper,MAT-FIZ 3: Czasy Ostateczne
610,1430036800,że niby co??? 2 oceny??,Kacper,MAT-FIZ 3: Czasy Ostateczne
611,1430036772,Tyle szczęścia,Kacper,MAT-FIZ 3: Czasy Ostateczne
612,1429971068,Wooooooooooo,Kacper,MAT-FIZ 3: Czasy Ostateczne
613,1429971050,już 3 h matmy może lepsze,Kacper,MAT-FIZ 3: Czasy Ostateczne
614,1429453562,mogliby chociaż Zanka na piątek przesunąć....,Kacper,MAT-FIZ 3: Czasy Ostateczne
615,1428951628,Zapewne absurdalbe pytanie- czy ktoś w ogóle ją zrozumiał?,Kacper,MAT-FIZ 3: Czasy Ostateczne
616,1428951621,ciężkie to?,Kacper,MAT-FIZ 3: Czasy Ostateczne
617,1428951509,chyba tak to się zwało,Kacper,MAT-FIZ 3: Czasy Ostateczne
618,1428525142,"no niestety problem polega na tym, że nie pamiętam o co jej wtedy chodziło",Kacper,MAT-FIZ 3: Czasy Ostateczne
619,1428525043,Nie... żadnych kantów... chyba,Kacper,MAT-FIZ 3: Czasy Ostateczne
620,1428524878,Coś mam takie przeczucie,Kacper,MAT-FIZ 3: Czasy Ostateczne
621,1427065188,"Ale przypadkiem to nie ma być  tak, że ta lekcja miałaby  być  jakaś inna? Coś mam takie wrażenie, że nawet jakby jej nie chciała robić to tą akurat powinna.",Kacper,MAT-FIZ 3: Czasy Ostateczne
622,1427056173,wow :)  GRATULACJE :D w pełni zasłużenie,Kacper,MAT-FIZ 3: Czasy Ostateczne
623,1427055085,Taki dzien wagarowicza bylby w ogole lajtowy - tak na jedno godzinke,Kacper,MAT-FIZ 3: Czasy Ostateczne
624,1426102913,Pomusl fajny - lekka lekcja za nonwoluntarny konkurs . Ale fakt ze chamska rzecz.,Kacper,MAT-FIZ 3: Czasy Ostateczne
625,1426102729,"A moze maja takierozne trasy np. Dla ceniacych spokoj, dla normalnych, dla odwaznych i wersja extreme",Kacper,MAT-FIZ 3: Czasy Ostateczne
626,1426101844,Ciekawe czy jest szybszy niz ciuchcia z wioski afrukanskiej....,Kacper,MAT-FIZ 3: Czasy Ostateczne
627,1425583047,"Pierwsze przeczytanie - ""kopalnia zioła""",Kacper,MAT-FIZ 3: Czasy Ostateczne
628,1425582917,Ok,Kacper,MAT-FIZ 3: Czasy Ostateczne
629,1425582874,Wysylaj i tak,Kacper,MAT-FIZ 3: Czasy Ostateczne
630,1425582546,To polowa - jak bys mial jeszcze chec - pisz - wyslij teraz co tam do 6 napisales :),Kacper,MAT-FIZ 3: Czasy Ostateczne
631,1425581472,Jak tomek ? Dalej piszesz te odpowiedzi?,Kacper,MAT-FIZ 3: Czasy Ostateczne
632,1425580157,A moze te komedie to kazalaby wykreslic?,Kacper,MAT-FIZ 3: Czasy Ostateczne
633,1425329732,Tez mnie to zdziwilo,Kacper,MAT-FIZ 3: Czasy Ostateczne
634,1425329380,... tobie sie w sumie nie dziwie,Kacper,MAT-FIZ 3: Czasy Ostateczne
635,1425244398,Mass takiego?,Kacper,MAT-FIZ 3: Czasy Ostateczne
636,1424371859,"polskiego może i nie, ale WOS już tak :D",Kacper,MAT-FIZ 3: Czasy Ostateczne
637,1424369134,to nawet lepiej - nie będzie że matma zaraz po fizyce,Kacper,MAT-FIZ 3: Czasy Ostateczne
638,1424368993,Ktoś mógłby jeszcze przypomnieć co było?,Kacper,MAT-FIZ 3: Czasy Ostateczne
639,1424202492,ja,Kacper,MAT-FIZ 3: Czasy Ostateczne
640,1423601304,Przyłączam się do prośby :),Kacper,Grupa językowa hiszpański 1.6
641,1423502606,"Wiecie, czy ona na tym sprawdzianie będzie wymagała takich rzeczy jak Misa de Gallo, doce uvas etc.? To było na powtórzeniu, ale chyba mówiła, że nie będzie wymagała rzeczy z kserówe",Kacper,Grupa językowa hiszpański 1.6
642,1423502584,A czy w ogóle to był wcześniej jakiś sprawdzian?,Kacper,MAT-FIZ 3: Czasy Ostateczne
643,1423433295,No to niby już coś - może te 25 min przerwy na coś się przyda,Kacper,MAT-FIZ 3: Czasy Ostateczne
644,1423433134,"Tak jak ktoś by nie wiedział - Ałun może być używany jako dezodorant, jak również i środek na podrażnienia po goleniu jest więc kosmetykiem - składa się z JEDNEGO SKŁADNIKA - którym może być np. Ammonium alum - coś to jest (jest klka rodzajów ałunu)",Kacper,MAT-FIZ 3: Czasy Ostateczne
645,1423422847,"Oj tam, oj tam od razu meth - Niech ktoś mu Ałun da",Kacper,MAT-FIZ 3: Czasy Ostateczne
646,1422631560,"Co do kopiowania, da się - nie wszystko - często trza skracać, ale da się :D",Kacper,MAT-FIZ 3: Czasy Ostateczne
647,1421357005,Czemu geo??? :(,Kacper,MAT-FIZ 3: Czasy Ostateczne
648,1421356895,właśnie - ktoś coś może przetłumaczył z tej kartki co nam dała?,Kacper,Grupa językowa hiszpański 1.6
649,1421353930,"to ,,wiedzieliśmy już w środę'' jakby odwołało się do hiszpańskiego...",Kacper,Grupa językowa hiszpański 1.6
650,1421349025,"Napisane jest, że przedmiot to matematyka - więc raczej nie można zrobić testu z polaka na matematyce",Kacper,MAT-FIZ 3: Czasy Ostateczne
651,1421347546,Tak wiec na jutro tylko w czerwieni przyjsc i przesiedziec 󾌰,Kacper,MAT-FIZ 3: Czasy Ostateczne
652,1421345482,a więc jeszcze jest szansa :) - nikła ale jest,Kacper,MAT-FIZ 3: Czasy Ostateczne
653,1420751484,A wiadomo kiedy Pietrzak wyslala do Baginskiego informacje zejej dzisiaj nie bedzie?,Kacper,MAT-FIZ 3: Czasy Ostateczne
654,1420746282,"z tego co wiem z fizyki 2 zadania - jak mi się telefon trochę podładuje to zdjęcia prześlę, a z geo to chyba problemy współcznesnego rybołówstwa i marikultury",Kacper,MAT-FIZ 3: Czasy Ostateczne
655,1420301904,dawała jakąś kartkę i chyba trzeba było przetłumaczyć i coś jeszcze zrobić - 2 części nie usłyszałem dokładnie,Kacper,Grupa językowa hiszpański 1.6
656,1418844796,http://zadane.pl/zadanie/5758210 Częśc już jest :) let others struggle,Kacper,MAT-FIZ 3: Czasy Ostateczne
657,1418763122,a ma może ktoś spisane te słowka ?,Kacper,Grupa językowa hiszpański 1.6
658,1418309039,ktoś ma może coś  z tego zrobione?,Kacper,Grupa językowa hiszpański 1.6
659,1418248135,"przejrzałem po półtora tygodnia oceny jeszcze raz  - nie dość, że Mistrz i Małgorzaya, to to jest Karkówka :D",Kacper,MAT-FIZ 3: Czasy Ostateczne
660,1418247724,z dedykacją dla...,Kacper,MAT-FIZ 3: Czasy Ostateczne
661,1418158566,takie nawet mialem przeczucia - nie było jej we wtorek - może się pochorowała....,Kacper,MAT-FIZ 3: Czasy Ostateczne
662,1417367594,WIELKIYA REWOLUCYJA :D,Kacper,MAT-FIZ 3: Czasy Ostateczne
663,1417348805,"damn it ( chyba faktycznie mówił, że jeszcze tylko jakieś dziewczyny potrzebne :( )",Kacper,MAT-FIZ 3: Czasy Ostateczne
664,1417190648,Ja też jestem chętny :D,Kacper,MAT-FIZ 3: Czasy Ostateczne
665,1417187238,Siema :),Kacper,MAT-FIZ 3: Czasy Ostateczne
666,1417123346,Coś mówił na geografii?,Kacper,MAT-FIZ 3: Czasy Ostateczne
667,1416853271,"bardziej mi chodzi o mapówkę - mnie jutro nie będzie, a tydzień temu powiedział mi coś takiego, że jutro on powie nam termin, więc jeżeli jakaś osoba byłaby, która nie pisała, to czy mogłaby z nim jutro pogadać i mi powiedzieć, czy i na kiedy się udało coś ustalić?",Kacper,MAT-FIZ 3: Czasy Ostateczne
668,1416853126,"na szczęście tylko raz użyłem słowa ,,probabilistyczny'' :)",Kacper,MAT-FIZ 3: Czasy Ostateczne
669,1416846598,6 ocen - raczej nie zapyta,Kacper,MAT-FIZ 3: Czasy Ostateczne
670,1416510372,Cudowne ! Pani profesor (Mein Fuhrer) :D,Kacper,MAT-FIZ 3: Czasy Ostateczne
671,1416510160,A no tak - to o czym mówiłem to z hiszpana,Kacper,Grupa językowa hiszpański 1.6
672,1416350046,chyba ta durga strona z tej kartki co dała (poprawka - to hiszpański),Kacper,Grupa językowa hiszpański 1.6
673,1416346104,Ktoś może kojarzy o co chodziło z tą kartką z tymi słówkami o domu z hiszpana?,Kacper,Grupa językowa hiszpański 1.6
674,1416337492,a jak z hiszpanem?,Kacper,Grupa językowa hiszpański 1.6
675,1416337225,To prawo to się napłodziło przez te lata,Kacper,MAT-FIZ 3: Czasy Ostateczne
676,1416337201,sam nie wiem na co się zdecydowała,Kacper,MAT-FIZ 3: Czasy Ostateczne
677,1416245913,ale ona na samym końcu coś tak jakby mówiła jakby byłaby praca z podręcznikiem w grupach (pewnie dwuosobowych),Kacper,MAT-FIZ 3: Czasy Ostateczne
678,1415722100,"coś czuję, że ra druga lekcja jako zaległa z dzisiaj",Kacper,MAT-FIZ 3: Czasy Ostateczne
679,1415652163,ktoś wie o czym (tak trochę bardziej szczegółowo) o czym był ten tekst o przesądach (w tym sensie np. jakie przesądy)?,Kacper,Grupa językowa hiszpański 1.6
680,1414692162,"Oprocz tego, to chyba wedlug librusa to spr nie bedzie",Kacper,MAT-FIZ 3: Czasy Ostateczne
681,1414684855,",,święto celtyckiego boga śmierci''",Kacper,MAT-FIZ 3: Czasy Ostateczne
682,1414516238,"spójrzcie na informację na librusie o ,,tematycznych piatkach'' :)",Kacper,MAT-FIZ 3: Czasy Ostateczne
683,1414513405,uff,Kacper,MAT-FIZ 3: Czasy Ostateczne
684,1414089613,Na pewno nie będzie pytał i kartkówkował?,Kacper,MAT-FIZ 3: Czasy Ostateczne
685,1414086264,Jutro pewnie wyjaśni,Kacper,MAT-FIZ 3: Czasy Ostateczne
686,1414086137,"No w sumie, to niby nam ,,zadali'' strój galowy :D",Kacper,MAT-FIZ 3: Czasy Ostateczne
687,1414086118,Innej opcji nie widzę,Kacper,MAT-FIZ 3: Czasy Ostateczne
688,1414079014,"Jedyne co, to to może być związane ze ,,strojem galowym''",Kacper,MAT-FIZ 3: Czasy Ostateczne
689,1412784689,"Według pewnego artykułu: ,,Wersja pod smartfony i tablety z Androidem pojawi się w 2015 roku.''",Kacper,MAT-FIZ 3: Czasy Ostateczne
690,1409687862,Ja także za złotymi,Kacper,MAT-FIZ 3: Czasy Ostateczne
691,1409685379,masz może jeszcze polski? a tak to chętnie bio,Kacper,KOPERNIK '98
692,1409684957,to chętnie,Kacper,KOPERNIK '98
693,1409684089,"nie da się wysłać  na priv, a chętnie chciałbym biologię i chemię",Kacper,KOPERNIK '98
694,1400182485,jest jeszcze geo?,Kacper,KOPERNIK '98
695,1400182391,aaa... w tym z internetu ok,Kacper,Klasa 3B
696,1400181765,?jak to?,Kacper,Klasa 3B
697,1400181740,ani trochę? nic?,Kacper,Klasa 3B
698,1400181701,tzn?,Kacper,Klasa 3B
699,1400181647,"nie.. chodzi o to, czym się różniły... może pamiętają jakieś pytania?",Kacper,Klasa 3B
700,1400181599,hmmm... a jak inny?,Kacper,Klasa 3B
701,1395179162,pewne?,Kacper,Klasa 3B
702,1394054591,"Zastępstwo z Dorota Ambroziak na lekcji nr: 5 (Język polski)
Zastępstwo z Anna Gruber na lekcji nr: 2 (Zajęcia artystyczne)
Zastępstwo z Sławomir Hermanowicz na lekcji nr: 6 (Język angielski)
Odwołane zajęcia
Mariola Kopańska -Wyrzykowska na lekcji nr: 1 (Historia)",Kacper,Klasa 3B
703,1394054503,"równie dobrze, jeżeli ktoś chciałby coś jeszcze załatwić w Wa-wie można wrócić trochę później",Kacper,Klasa 3B
704,1394053222,prawidłowo :),Kacper,Klasa 3B
705,1393617982,ja,Kacper,Klasa 3B
706,1391115734,też jestem za - (poza tym na filmweb dobrze go opisują),Kacper,Klasa 3B
707,1390854223,"och co do kasowania komentarzy - nie pasował do reszty - dla mnie najpierw trochę rysowania, a później origami,a  później - ktoś ma jakieś teorie?",Kacper,
708,1390854181,no tak,Kacper,Klasa 3B
709,1390854056,to chyba większa szansa..,Kacper,Klasa 3B
710,1605272623,Robi z kim siedzisz...,Kacper,Klasa 3B
