"","group_name","value","name"
"1","Matematyka PW 2016",7,"Yevhenii"
"2","Bucket List",8,"Yevhenii"
"3","Koncerty w Krakowie!!!",1,"Yevhenii"
"4","Duży Angielski gr.11 prof.Napiórkowska",5,"Yevhenii"
"5","V LO Kraków",10,"Yevhenii"
"6","zdjęcia ze Szwajcarii",2,"Yevhenii"
"7","Praca w Krakowie / Jobs in Krakow",1,"Yevhenii"
"8","bardzo",44,"Yevhenii"
"9","UJ Matematyka 2015/16",12,"Yevhenii"
"10","Wigilia Wigilii Wigilii",5,"Yevhenii"
"11","KLASA 3A GIM NR 16",1,"Yevhenii"
"12","w ogóle",122,"Ula"
"13","Ruch Wyzwolenia Mateosza Bendarka",55,"Ula"
"14","HSMAD 2019",45,"Ula"
"15","bardzo",44,"Ula"
"16","UJ Matematyka 2015/16",12,"Ula"
"17","V LO Kraków",10,"Ula"
"18","Bucket List",8,"Ula"
"19","Matematyka PW 2016",7,"Ula"
"20","Grupa 2",6,"Ula"
"21","Matematyka WMiI UJ 2016-2019",5,"Ula"
"22","Tymowa",5,"Ula"
"23","Duży Angielski gr.11 prof.Napiórkowska",5,"Ula"
"24","Wigilia Wigilii Wigilii",5,"Ula"
"25","FRIDI Professional Volleyball Team ;)",4,"Ula"
"26","Grupa 2 semestr letni",4,"Ula"
"27","FC Almert",4,"Ula"
"28","Sabat Czarownic",3,"Ula"
"29","Kreatywnie z psem",2,"Ula"
"30","Domówka na siódmym piętrze",2,"Ula"
"31","Garaż",2,"Ula"
"32","zdjęcia ze Szwajcarii",2,"Ula"
"33","Mazury (14-27 lipca) RÓŻA WIATRÓW",2,"Ula"
"34","WF DE",2,"Ula"
"35","NETIA OFF CAMERA 2017 - RECEPCJA",2,"Ula"
"36","O PRAWACH KOBIET - Kraków",1,"Ula"
"37","Önkéntes Sziget 2016 [Hankó Attila]",1,"Ula"
"38","Integracja UJ 2015",1,"Ula"
"39","Najlepsi PubQuizowicze w Polsce - Uczestnicy Ligi PubQuiz",1,"Ula"
"40","Data Science PL",1,"Ula"
"41","Praca w Krakowie / Jobs in Krakow",1,"Ula"
"42","Science diagrams that look like shitposts.",1,"Ula"
"43","Statystyczne świry",1,"Ula"
"44","Wolontariusze 11. NETIA OFF CAMERA",1,"Ula"
"45","Koncerty w Krakowie!!!",1,"Ula"
"46","KLASA 3A GIM NR 16",1,"Ula"
"47","Imagine if Wojciech",1,"Ula"
"48","MAT-FIZ 3: Czasy Ostateczne",177,"Kacper"
"49","Mathematical Mathematics Memes",144,"Kacper"
"50","Matematyka PW 2017",71,"Kacper"
"51","origami tessellations",65,"Kacper"
"52","Origami Records折纸实录",55,"Kacper"
"53","Histomemawka ↔ sekcja historycznych memów",37,"Kacper"
"54","Wyższa Szkoła w Skaryszewie - grupa dyskusyjna",37,"Kacper"
"55","Grupa językowa hiszpański 1.6",36,"Kacper"
"56","Aesthetic Function Graphposting",27,"Kacper"
"57","Klasa 3B",26,"Kacper"
"58","Grupa językowa 2.5",13,"Kacper"
"59","Chemia 󾭚󾔊",9,"Kacper"
"60","Inżynieria i analiza danych MiNI 2018",8,"Kacper"
"61","Jak będzie w funkcji dzeta Riemanna? –  ⚡miesiąc elektrostatyki ⚡",8,"Kacper"
"62","actually good math problems",6,"Kacper"
"63","Origami Corrugations",6,"Kacper"
"64","KOPERNIK '98",5,"Kacper"
"65","bad maths that gives the right answer",4,"Kacper"
"66","Jak będzie na mapie? – sekcja geograficzno-kartograficzna",4,"Kacper"
"67","Nowe F7 MiNI",4,"Kacper"
"68","Grupa5 IiAD 2018",4,"Kacper"
"69","That's it, I'm font shaming.",3,"Kacper"
"70","Glowacki Storyyelling – Nieoficjalny Fanklub – https://storyyelling.pl",3,"Kacper"
"71","Jak będzie w akapie? – sekcja mat-fiz",2,"Kacper"
"72","F8 2017-....",2,"Kacper"
"73","Czwartek na wakacje.",2,"Kacper"
"74","Origami Advanced Class",2,"Kacper"
"75","Sekcja biologiczna",1,"Kacper"
"76","Kopernik '00",1,"Kacper"
