"","topics","name"
"1","Przegląd","Yevhenii"
"2","Twin Peaks","Yevhenii"
"3","Saska Kępa","Yevhenii"
"4","BBC One","Yevhenii"
"5","Civilian Conservation Corps","Yevhenii"
"6","TVP Info","Yevhenii"
"7","Die Antwoord","Yevhenii"
"8","Zoo","Yevhenii"
"9","Noise music","Yevhenii"
"10","Telewizja Polska","Yevhenii"
"11","Doctor (title)","Yevhenii"
"12","Radio broadcasting","Yevhenii"
"13","Gluten","Yevhenii"
"14","Fashion (film)","Yevhenii"
"15","Tobacco","Yevhenii"
"16","Neuroscience","Yevhenii"
"17","Hard rock","Yevhenii"
"18","Vegetarian cuisine","Yevhenii"
"19","Open'er Festival","Yevhenii"
"20","Tyler, The Creator","Yevhenii"
"21","Cosmetics","Yevhenii"
"22","The Game (rapper)","Yevhenii"
"23","Saint Peter","Yevhenii"
"24","Bachelor's degree","Yevhenii"
"25","Walk off the Earth","Yevhenii"
"26","Michael Caine","Yevhenii"
"27","Kamp","Yevhenii"
"28","Boutiques","Yevhenii"
"29","Cardigan, Ceredigion","Yevhenii"
"30","Baking","Yevhenii"
"31","Bliss n Eso","Yevhenii"
"32","Blog","Yevhenii"
"33","Alternative country","Yevhenii"
"34","Hero (2002 film)","Yevhenii"
"35","Breakfast","Yevhenii"
"36","Cigarette","Yevhenii"
"37","Autonomy","Yevhenii"
"38","David Lynch","Yevhenii"
"39","Arctic Monkeys","Yevhenii"
"40","Złote Tarasy","Yevhenii"
"41","Filmweb","Yevhenii"
"42","University","Yevhenii"
"43","Beverly Hills, California","Yevhenii"
"44","Alt-J","Yevhenii"
"45","Nick Cave","Yevhenii"
"46","Don (honorific)","Yevhenii"
"47","The Tonight Show Starring Jimmy Fallon","Yevhenii"
"48","Windows Phone","Yevhenii"
"49","Dance music","Yevhenii"
"50","Pizza Hut","Yevhenii"
"51","Woman","Yevhenii"
"52","npr music","Yevhenii"
"53","Alibaba.com","Yevhenii"
"54","Wine","Yevhenii"
"55","Desperados","Yevhenii"
"56","Mystery film","Yevhenii"
"57","Chvrches","Yevhenii"
"58","Colours of Ostrava","Yevhenii"
"59","Eating","Yevhenii"
"60","Theatre","Yevhenii"
"61","Malta","Yevhenii"
"62","Doubt (2008 film)","Yevhenii"
"63","Cuisine","Yevhenii"
"64","Cool Accidents","Yevhenii"
"65","TV game shows","Yevhenii"
"66","Bestseller","Yevhenii"
"67","Sound","Yevhenii"
"68","Crystal Castles (band)","Yevhenii"
"69","Reason","Yevhenii"
"70","Harry Potter","Yevhenii"
"71","Uber (company)","Yevhenii"
"72","K-pop","Yevhenii"
"73","Dance","Yevhenii"
"74","Cream (band)","Yevhenii"
"75","Footwear","Yevhenii"
"76","Mikal Cronin","Yevhenii"
"77","Love (John Lennon song)","Yevhenii"
"78","Local government","Yevhenii"
"79","Fragrances","Yevhenii"
"80","BASIC","Yevhenii"
"81","School uniform","Yevhenii"
"82","Luxury goods","Yevhenii"
"83","Tricity, Poland","Yevhenii"
"84","Video","Yevhenii"
"85","The Vaccines","Yevhenii"
"86","Manicure","Yevhenii"
"87","Mokotów","Yevhenii"
"88","Jagiellonian University","Yevhenii"
"89","Oysho","Yevhenii"
"90","Golf","Yevhenii"
"91","Poland","Yevhenii"
"92","Pop music","Yevhenii"
"93","Stock Prestige","Yevhenii"
"94","Vegetarianism","Yevhenii"
"95","Kitchen","Yevhenii"
"96","Broadcasting","Yevhenii"
"97","Drums","Yevhenii"
"98","Downtempo","Yevhenii"
"99","Music download","Yevhenii"
"100","Reggae","Yevhenii"
"101","Technology","Yevhenii"
"102","Sacrum","Yevhenii"
"103","Serena Williams","Yevhenii"
"104","Kiss","Yevhenii"
"105","Rain","Yevhenii"
"106","Disc jockey","Yevhenii"
"107","Captured Tracks","Yevhenii"
"108","Mela Koteluk","Yevhenii"
"109","The National (band)","Yevhenii"
"110","Santa Maria, Rio Grande do Sul","Yevhenii"
"111","Audience","Yevhenii"
"112","Lidl","Yevhenii"
"113","Evolutionary psychology","Yevhenii"
"114","Heart (novel)","Yevhenii"
"115","Sunglasses","Yevhenii"
"116","Reserved","Yevhenii"
"117","Kult (band)","Yevhenii"
"118","Sugar substitute","Yevhenii"
"119","Sarcasm","Yevhenii"
"120","Memetics","Yevhenii"
"121","Wawel","Yevhenii"
"122","Televisions","Yevhenii"
"123","The Smashing Pumpkins","Yevhenii"
"124","Alcohol","Yevhenii"
"125","Course (education)","Yevhenii"
"126","Example (musician)","Yevhenii"
"127","Electrical engineering","Yevhenii"
"128","Onet.pl","Yevhenii"
"129","Star","Yevhenii"
"130","Novika","Yevhenii"
"131","Food","Yevhenii"
"132","Hip hop music","Yevhenii"
"133","Disclosure (band)","Yevhenii"
"134","LinkedIn","Yevhenii"
"135","Television network","Yevhenii"
"136","Holland Lop","Yevhenii"
"137","Maria Peszek","Yevhenii"
"138","Live Nation Entertainment","Yevhenii"
"139","Anime movies","Yevhenii"
"140","Gazeta Krakowska","Yevhenii"
"141","Pain (musical project)","Yevhenii"
"142","Cymbal","Yevhenii"
"143","Pool (cue sports)","Yevhenii"
"144","Movies","Yevhenii"
"145","Al Pacino","Yevhenii"
"146","Abstraction","Ula"
"147","Adoption","Ula"
"148","Adventure travel","Ula"
"149","Aerosmith","Ula"
"150","Aerosmith (album)","Ula"
"151","Agatha Christie","Ula"
"152","Al Pacino","Ula"
"153","Alcohol","Ula"
"154","Alibaba.com","Ula"
"155","AliExpress","Ula"
"156","Allah-Las","Ula"
"157","Alt-J","Ula"
"158","Alternative country","Ula"
"159","Alternative rock","Ula"
"160","Always (brand)","Ula"
"161","Amanda Palmer","Ula"
"162","American rock","Ula"
"163","Americana (music)","Ula"
"164","Anastasia Beverly Hills","Ula"
"165","Andy Serkis","Ula"
"166","Animal","Ula"
"167","Anime movies","Ula"
"168","Another (novel)","Ula"
"169","Arctic Monkeys","Ula"
"170","Areas of mathematics","Ula"
"171","Aronia","Ula"
"172","ASOS.com","Ula"
"173","Atmosphere (music group)","Ula"
"174","Audience","Ula"
"175","Automobiles","Ula"
"176","Autonomy","Ula"
"177","Bachelor's degree","Ula"
"178","Baking","Ula"
"179","Barbecue","Ula"
"180","BASIC","Ula"
"181","BBC One","Ula"
"182","Beams","Ula"
"183","Beat (music)","Ula"
"184","Beer","Ula"
"185","Beirut (band)","Ula"
"186","Belief","Ula"
"187","Bemowo","Ula"
"188","Berlin","Ula"
"189","Bestseller","Ula"
"190","Beverages","Ula"
"191","Beverly Hills, California","Ula"
"192","Black (Color)","Ula"
"193","Bliss n Eso","Ula"
"194","Blog","Ula"
"195","Blue (English band)","Ula"
"196","Blues music","Ula"
"197","BMW","Ula"
"198","Bob Marley","Ula"
"199","BOKKA","Ula"
"200","Boutiques","Ula"
"201","Bratislava","Ula"
"202","Bread","Ula"
"203","Breakfast","Ula"
"204","Bridge","Ula"
"205","Broadcasting","Ula"
"206","Cake","Ula"
"207","Cake (band)","Ula"
"208","Calculus","Ula"
"209","Calexico (band)","Ula"
"210","Canada","Ula"
"211","Captured Tracks","Ula"
"212","Cardigan, Ceredigion","Ula"
"213","CARE (relief agency)","Ula"
"214","Carnivora","Ula"
"215","Catholic Church","Ula"
"216","CCC","Ula"
"217","Central Europe","Ula"
"218","Cereal","Ula"
"219","Charlotte, North Carolina","Ula"
"220","Chata","Ula"
"221","Cheese","Ula"
"222","Chemistry","Ula"
"223","Chili pepper","Ula"
"224","Chocolate","Ula"
"225","Chorzów","Ula"
"226","Christian Bale","Ula"
"227","Christian ministry","Ula"
"228","Chvrches","Ula"
"229","Cigarette","Ula"
"230","Civic Platform","Ula"
"231","Civilian Conservation Corps","Ula"
"232","Classical music","Ula"
"233","Clothing","Ula"
"234","CocoRosie","Ula"
"235","Coffee","Ula"
"236","Coffeehouses","Ula"
"237","Colours of Ostrava","Ula"
"238","Coming-of-age story","Ula"
"239","Compass rose","Ula"
"240","Computer science","Ula"
"241","Concept album","Ula"
"242","Cookie","Ula"
"243","Cooking","Ula"
"244","Cool Accidents","Ula"
"245","Cosmetics","Ula"
"246","Cosmopolitan (magazine)","Ula"
"247","Coupons","Ula"
"248","Course (education)","Ula"
"249","Cream (band)","Ula"
"250","Crystal Castles (band)","Ula"
"251","Crystal Fighters","Ula"
"252","Cuisine","Ula"
"253","Culture","Ula"
"254","Current events","Ula"
"255","Cymbal","Ula"
"256","Czesław Miłosz","Ula"
"257","Dance","Ula"
"258","Dance music","Ula"
"259","Daniel Radcliffe","Ula"
"260","Data science","Ula"
"261","David Lynch","Ula"
"262","Design","Ula"
"263","Desperados","Ula"
"264","Desserts","Ula"
"265","Details (magazine)","Ula"
"266","Deutsche Telekom","Ula"
"267","Die (musician)","Ula"
"268","Die Antwoord","Ula"
"269","Disc jockey","Ula"
"270","Disclosure (band)","Ula"
"271","DJ Fresh","Ula"
"272","Doctor (title)","Ula"
"273","Documentary movies","Ula"
"274","Dogs","Ula"
"275","Dogs (British band)","Ula"
"276","Don (honorific)","Ula"
"277","Doubt (2008 film)","Ula"
"278","Down (band)","Ula"
"279","Downtempo","Ula"
"280","Drapht","Ula"
"281","Dresses","Ula"
"282","Drums","Ula"
"283","Eating","Ula"
"284","Ecology","Ula"
"285","Education","Ula"
"286","Electrical engineering","Ula"
"287","Elliphant","Ula"
"288","eMAG","Ula"
"289","Entertainment","Ula"
"290","Environmentalism","Ula"
"291","Eucharist","Ula"
"292","European Union","Ula"
"293","Everything (band)","Ula"
"294","Everything Everything","Ula"
"295","Evolution","Ula"
"296","Evolutionary psychology","Ula"
"297","Example (musician)","Ula"
"298","Extinction","Ula"
"299","Family","Ula"
"300","Fashion (film)","Ula"
"301","Fashion design","Ula"
"302","Fast food","Ula"
"303","Filmweb","Ula"
"304","Finance","Ula"
"305","First aid kit","Ula"
"306","First-person shooter games","Ula"
"307","Flight (2012 film)","Ula"
"308","Flour","Ula"
"309","Fly4free: tanie latanie podróże turystyka","Ula"
"310","Foo Fighters","Ula"
"311","Foo Fighters (album)","Ula"
"312","Food","Ula"
"313","Food & Wine","Ula"
"314","Food photography","Ula"
"315","Foodie","Ula"
"316","Footwear","Ula"
"317","Fragrances","Ula"
"318","Franklin D. Roosevelt","Ula"
"319","Friendship","Ula"
"320","Fruit","Ula"
"321","Garage rock","Ula"
"322","Gazeta Krakowska","Ula"
"323","Gdańsk","Ula"
"324","Gentleman (musician)","Ula"
"325","Gluten","Ula"
"326","Golf","Ula"
"327","Gray wolf","Ula"
"328","Grunge","Ula"
"329","Guess (clothing)","Ula"
"330","Guinness World Records","Ula"
"331","Głos (1991)","Ula"
"332","H&M","Ula"
"333","Hair products","Ula"
"334","Handbags","Ula"
"335","Hanseatic League","Ula"
"336","Hard rock","Ula"
"337","Harry Potter","Ula"
"338","Harry Potter (character)","Ula"
"339","Harry Potter (film series)","Ula"
"340","HBO","Ula"
"341","HBO Go","Ula"
"342","HBO Polska","Ula"
"343","Health club","Ula"
"344","Healthy diet","Ula"
"345","Heart (novel)","Ula"
"346","Heavy metal music","Ula"
"347","Hero (2002 film)","Ula"
"348","Hip hop music","Ula"
"349","Holiday","Ula"
"350","Holland Lop","Ula"
"351","House","Ula"
"352","House (TV series)","Ula"
"353","Humour","Ula"
"354","husky","Ula"
"355","Idea","Ula"
"356","Image","Ula"
"357","Inditex","Ula"
"358","Information","Ula"
"359","Inquiry","Ula"
"360","Instagram","Ula"
"361","Internet meme","Ula"
"362","Internet radio","Ula"
"363","Ioannina","Ula"
"364","Irony","Ula"
"365","Italian cuisine","Ula"
"366","J. K. Rowling","Ula"
"367","Jagiellonian University","Ula"
"368","James Blake (musician)","Ula"
"369","Jesus","Ula"
"370","K-pop","Ula"
"371","Kamp","Ula"
"372","Kangta","Ula"
"373","Kasabian","Ula"
"374","Katowice","Ula"
"375","Kiss","Ula"
"376","Kitchen","Ula"
"377","Knowledge","Ula"
"378","Kraków","Ula"
"379","Kult (band)","Ula"
"380","Kygo","Ula"
"381","Laibach (band)","Ula"
"382","Lao Che (band)","Ula"
"383","Latin","Ula"
"384","Latte","Ula"
"385","Lemon","Ula"
"386","Lesser Poland Voivodeship","Ula"
"387","Lidl","Ula"
"388","Lidl Polska","Ula"
"389","LinkedIn","Ula"
"390","Lip","Ula"
"391","Lista","Ula"
"392","Live Nation Entertainment","Ula"
"393","Livestock","Ula"
"394","Local government","Ula"
"395","Logic","Ula"
"396","London Grammar","Ula"
"397","London, Ontario","Ula"
"398","Love","Ula"
"399","Love (John Lennon song)","Ula"
"400","Luxury goods","Ula"
"401","M&T Bank","Ula"
"402","Magdeburg rights","Ula"
"403","Malta","Ula"
"404","Mango (clothing)","Ula"
"405","Manicure","Ula"
"406","Manu Chao","Ula"
"407","Maria Peszek","Ula"
"408","Marlon Brando","Ula"
"409","Marshmallow","Ula"
"410","Masovian Voivodeship","Ula"
"411","Massive Attack (musical group)","Ula"
"412","Master's degree","Ula"
"413","Mathematical structure","Ula"
"414","Mathematician","Ula"
"415","Mathematics","Ula"
"416","Matura","Ula"
"417","Medicine","Ula"
"418","Mela Koteluk","Ula"
"419","Melt! Festival","Ula"
"420","Member states of NATO","Ula"
"421","Meme","Ula"
"422","Memetics","Ula"
"423","Meteorology","Ula"
"424","Metronomy","Ula"
"425","Michael Caine","Ula"
"426","Mikal Cronin","Ula"
"427","Mind","Ula"
"428","Mini","Ula"
"429","Mini (marque)","Ula"
"430","Mokotów","Ula"
"431","Mountain hut","Ula"
"432","Movie theater","Ula"
"433","Movies","Ula"
"434","Music","Ula"
"435","Music download","Ula"
"436","Mystery film","Ula"
"437","MØ","Ula"
"438","Natural foods","Ula"
"439","Natural selection","Ula"
"440","Netflix","Ula"
"441","Neuroscience","Ula"
"442","New Testament","Ula"
"443","Nick Cave","Ula"
"444","NME","Ula"
"445","Noise music","Ula"
"446","Novika","Ula"
"447","NPR","Ula"
"448","npr music","Ula"
"449","Ochota","Ula"
"450","Off Festival","Ula"
"451","Old Style and New Style dates","Ula"
"452","Olympic weightlifting","Ula"
"453","Onet Wiadomości","Ula"
"454","Onet.pl","Ula"
"455","Online","Ula"
"456","Online shopping","Ula"
"457","ONTV (Egypt)","Ula"
"458","Open'er Festival","Ula"
"459","Opening act","Ula"
"460","Orange Warsaw Festival","Ula"
"461","Organic food","Ula"
"462","Ostrava","Ula"
"463","Oysho","Ula"
"464","Pain (musical project)","Ula"
"465","Painting","Ula"
"466","Pajamas","Ula"
"467","Pancake","Ula"
"468","Pandora (jewelry)","Ula"
"469","Pandora Radio","Ula"
"470","Paris","Ula"
"471","Park","Ula"
"472","Parov Stelar","Ula"
"473","Pedicure","Ula"
"474","Percussion instrument","Ula"
"475","Perfect World","Ula"
"476","Performing arts","Ula"
"477","Petunia","Ula"
"478","Photography","Ula"
"479","Physical exercise","Ula"
"480","Physical fitness","Ula"
"481","Pickup truck","Ula"
"482","Pizza","Ula"
"483","Pizza Hut","Ula"
"484","Places to See Before You Die","Ula"
"485","Planet","Ula"
"486","Plus (supermarket)","Ula"
"487","Podróże","Ula"
"488","Pohoda (music festival)","Ula"
"489","Poland","Ula"
"490","Polish language","Ula"
"491","Politics","Ula"
"492","Pool (cue sports)","Ula"
"493","Pop music","Ula"
"494","Popular culture","Ula"
"495","Portugal. The Man","Ula"
"496","Postmodern Jukebox","Ula"
"497","Powiat","Ula"
"498","Poznań","Ula"
"499","Profession","Ula"
"500","Przegląd","Ula"
"501","Psychological thriller","Ula"
"502","Pub quiz","Ula"
"503","Pull&Bear","Ula"
"504","Queens of the Stone Age","Ula"
"505","Radio broadcasting","Ula"
"506","Rain","Ula"
"507","Reason","Ula"
"508","Recipes","Ula"
"509","Red (2010 film)","Ula"
"510","Red Hot Chili Peppers Fansite Stadium-Arcadium.com","Ula"
"511","Redbubble","Ula"
"512","Reggae","Ula"
"513","Research","Ula"
"514","Reserved","Ula"
"515","Restaurants","Ula"
"516","Retail","Ula"
"517","Richard Dawkins","Ula"
"518","Ricotta","Ula"
"519","Robert Duvall","Ula"
"520","Robert Plant","Ula"
"521","Rock festival","Ula"
"522","Rock For People (OFFICIAL)","Ula"
"523","Rock music","Ula"
"524","Rolling Stone","Ula"
"525","Rum","Ula"
"526","Rupert Grint","Ula"
"527","Sacrum","Ula"
"528","Saint Peter","Ula"
"529","Salami","Ula"
"530","Salon (Paris)","Ula"
"531","Sandal","Ula"
"532","Santa Maria, Rio Grande do Sul","Ula"
"533","Sarcasm","Ula"
"534","Saska Kępa","Ula"
"535","School uniform","Ula"
"536","Science","Ula"
"537","Serce i Rozum","Ula"
"538","Serena Williams","Ula"
"539","Shoes","Ula"
"540","Shopping","Ula"
"541","Shopping and fashion","Ula"
"542","Shopping malls","Ula"
"543","Singing","Ula"
"544","Sinsay","Ula"
"545","SKE48","Ula"
"546","Skip Hop","Ula"
"547","Skirt","Ula"
"548","Social network","Ula"
"549","Sofar Sounds","Ula"
"550","Sound","Ula"
"551","South by Southwest","Ula"
"552","Sovereignty","Ula"
"553","Square","Ula"
"554","Stadium Arcadium","Ula"
"555","Stage (theatre)","Ula"
"556","Star","Ula"
"557","Stars (Canadian band)","Ula"
"558","Startup company","Ula"
"559","Statistics","Ula"
"560","Steel","Ula"
"561","Stock Prestige","Ula"
"562","Strachy na Lachy","Ula"
"563","Stradivarius (Inditex)","Ula"
"564","Streetwear","Ula"
"565","Student","Ula"
"566","Subaru Impreza","Ula"
"567","Sugar","Ula"
"568","Sugar substitute","Ula"
"569","Sunglasses","Ula"
"570","T-Mobile","Ula"
"571","Tame Impala","Ula"
"572","Targówek","Ula"
"573","Techno","Ula"
"574","Technology","Ula"
"575","Teen film","Ula"
"576","Telecommunication","Ula"
"577","Television network","Ula"
"578","Televisions","Ula"
"579","Telewizja Polska","Ula"
"580","Terrazzo","Ula"
"581","The Cars","Ula"
"582","The Game (rapper)","Ula"
"583","The Godfather","Ula"
"584","The National (band)","Ula"
"585","The New York Times","Ula"
"586","The Prestige (film)","Ula"
"587","The Smashing Pumpkins","Ula"
"588","The Strokes","Ula"
"589","The Thing (2011 film)","Ula"
"590","The Ting Tings","Ula"
"591","The Tonight Show Starring Jimmy Fallon","Ula"
"592","The Twilight Sad (Official)","Ula"
"593","The Vaccines","Ula"
"594","The White Stripes","Ula"
"595","The xx","Ula"
"596","Theatre","Ula"
"597","Ticketmaster","Ula"
"598","Time (magazine)","Ula"
"599","Tobacco","Ula"
"600","Tourism","Ula"
"601","Tram","Ula"
"602","Travis (band)","Ula"
"603","Tricity, Poland","Ula"
"604","Trip hop","Ula"
"605","Trousers","Ula"
"606","Truth","Ula"
"607","TV","Ula"
"608","TV game shows","Ula"
"609","TVP Info","Ula"
"610","Twin Peaks","Ula"
"611","Tyler, The Creator","Ula"
"612","Uber (company)","Ula"
"613","Umberto Eco","Ula"
"614","Undergarment","Ula"
"615","Undergraduate education","Ula"
"616","United Parcel Service","Ula"
"617","University","Ula"
"618","University of Santo Tomas","Ula"
"619","Ursus, Warsaw","Ula"
"620","Variety (magazine)","Ula"
"621","Veganism","Ula"
"622","Vegetarian cuisine","Ula"
"623","Vegetarianism","Ula"
"624","Vertebrate","Ula"
"625","Veterinary medicine","Ula"
"626","Veterinary physician","Ula"
"627","VHS","Ula"
"628","Video","Ula"
"629","Vodka","Ula"
"630","Walk off the Earth","Ula"
"631","Walt Disney Pictures","Ula"
"632","Warsaw","Ula"
"633","Warsaw University of Technology","Ula"
"634","Wawel","Ula"
"635","Web portal","Ula"
"636","Weight loss (Fitness And wellness)","Ula"
"637","Weight training","Ula"
"638","Welcome (2007 film)","Ula"
"639","Wende (singer)","Ula"
"640","Wilanów","Ula"
"641","Windows Phone","Ula"
"642","Wine","Ula"
"643","Wola","Ula"
"644","Woman","Ula"
"645","World Heritage Site","Ula"
"646","World music","Ula"
"647","Wrocław","Ula"
"648","Yes (band)","Ula"
"649","YouTube","Ula"
"650","Zalando","Ula"
"651","Zara (retailer)","Ula"
"652","Zoo","Ula"
"653","Złote Tarasy","Ula"
"654","Śródmieście, Warsaw","Ula"
"655","Żoliborz","Ula"
"656","9GAG","Kacper"
"657","Aang","Kacper"
"658","Aerospace","Kacper"
"659","Aktualne wydarzenia","Kacper"
"660","Algorytmika","Kacper"
"661","Antropologia","Kacper"
"662","Astrologia","Kacper"
"663","Atrament","Kacper"
"664","Australia","Kacper"
"665","Badania","Kacper"
"666","Barbershop","Kacper"
"667","BBC","Kacper"
"668","BBC Earth","Kacper"
"669","BBC One","Kacper"
"670","Bemowo","Kacper"
"671","Big Think","Kacper"
"672","BMW Mini","Kacper"
"673","Buzzer beater","Kacper"
"674","BuzzFeed","Kacper"
"675","Ciecz","Kacper"
"676","Communication design","Kacper"
"677","Cytryna zwyczajna","Kacper"
"678","Czasopisma","Kacper"
"679","Daily Mail","Kacper"
"680","Deloitte","Kacper"
"681","Demokracja","Kacper"
"682","Design","Kacper"
"683","Disturbed","Kacper"
"684","Dobór naturalny","Kacper"
"685","Dom","Kacper"
"686","Donald Trump","Kacper"
"687","DragonForce","Kacper"
"688","Drewno","Kacper"
"689","Druk","Kacper"
"690","Dubaj","Kacper"
"691","Dzik euroazjatycki","Kacper"
"692","Dźwięki","Kacper"
"693","Elektrotechnika","Kacper"
"694","Estetyka","Kacper"
"695","Ewolucja (biologia)","Kacper"
"696","Facebook","Kacper"
"697","Filmy","Kacper"
"698","Filmy akcji","Kacper"
"699","Fizyka","Kacper"
"700","Fizyka teoretyczna","Kacper"
"701","Freeview","Kacper"
"702","Funk","Kacper"
"703","Gazety","Kacper"
"704","Global Television Network","Kacper"
"705","Góry","Kacper"
"706","Heavy metal","Kacper"
"707","Hometalk","Kacper"
"708","Idea","Kacper"
"709","Ilustracja","Kacper"
"710","Image","Kacper"
"711","Informacje","Kacper"
"712","Instrument muzyczny","Kacper"
"713","Internet Explorer","Kacper"
"714","Inżynieria","Kacper"
"715","Inżynieria lądowa","Kacper"
"716","Inżynieria mechaniczna","Kacper"
"717","Japanesepod101.com","Kacper"
"718","Japonia","Kacper"
"719","Japonic languages","Kacper"
"720","Julius Dein","Kacper"
"721","Język","Kacper"
"722","Język japoński","Kacper"
"723","Język rosyjski","Kacper"
"724","Kaligrafia","Kacper"
"725","KATU","Kacper"
"726","Komunikacja","Kacper"
"727","Kto ją zabił?","Kacper"
"728","Kuba Wojewódzki","Kacper"
"729","Kultura","Kacper"
"730","Kultura popularna","Kacper"
"731","Kwiat","Kacper"
"732","Learn Japanese - JapanesePod101.com","Kacper"
"733","Lee (marka dżinsów)","Kacper"
"734","Maksymilian Maria Kolbe","Kacper"
"735","Matematyka","Kacper"
"736","MCI Management Center Innsbruck","Kacper"
"737","Media cyfrowe","Kacper"
"738","Media społecznościowe","Kacper"
"739","Melbourne","Kacper"
"740","Mem","Kacper"
"741","Mem internetowy","Kacper"
"742","Memetyka","Kacper"
"743","Mokotów","Kacper"
"744","Moskwa","Kacper"
"745","Muzyka","Kacper"
"746","Muzyka afro-amerykańska","Kacper"
"747","Muzyka rozrywkowa","Kacper"
"748","Nadawca publiczny","Kacper"
"749","Obróbka drewna","Kacper"
"750","Ochota","Kacper"
"751","Oko","Kacper"
"752","Okres klasyczny","Kacper"
"753","Olsztyn","Kacper"
"754","Origami","Kacper"
"755","Orka oceaniczna","Kacper"
"756","Panda wielka","Kacper"
"757","Papier","Kacper"
"758","Partia republikańska (Stany Zjednoczone)","Kacper"
"759","Paryż","Kacper"
"760","Pasza","Kacper"
"761","Pisarstwo","Kacper"
"762","Pizza","Kacper"
"763","Piłka nożna","Kacper"
"764","Platforma Obywatelska","Kacper"
"765","Podróże","Kacper"
"766","Politechnika Warszawska","Kacper"
"767","Polska","Kacper"
"768","Portal internetowy","Kacper"
"769","Powiat","Kacper"
"770","Psychologia ewolucyjna","Kacper"
"771","Publikacja elektroniczna","Kacper"
"772","Płatna telewizja","Kacper"
"773","Reddit","Kacper"
"774","Rekiny","Kacper"
"775","Rhythm and blues","Kacper"
"776","Richard Dawkins","Kacper"
"777","Rick Lax","Kacper"
"778","Rozrywka","Kacper"
"779","RT (stacja telewizyjna)","Kacper"
"780","RT America","Kacper"
"781","RT UK","Kacper"
"782","Rysunek","Kacper"
"783","Rzemiosło","Kacper"
"784","S.O.S. Ziemia!","Kacper"
"785","Sagittarius","Kacper"
"786","Salony piękności","Kacper"
"787","Sandro Botticelli","Kacper"
"788","Science World (Vancouver)","Kacper"
"789","Soul","Kacper"
"790","SpaceX","Kacper"
"791","Sport","Kacper"
"792","SportsCenter","Kacper"
"793","Ssaki","Kacper"
"794","Statystyka","Kacper"
"795","Steve Harvey","Kacper"
"796","Stosunki międzynarodowe","Kacper"
"797","Street workout","Kacper"
"798","Struktura","Kacper"
"799","Strzelec (astrologia)","Kacper"
"800","Szarada","Kacper"
"801","Sztuczna inteligencja","Kacper"
"802","Sztuka i muzyka","Kacper"
"803","Sztuki performatywne","Kacper"
"804","Sztuki wizualne","Kacper"
"805","Targówek","Kacper"
"806","Tastemade","Kacper"
"807","Tasty","Kacper"
"808","Tatuaże","Kacper"
"809","Teatr","Kacper"
"810","Technologia","Kacper"
"811","Television channel","Kacper"
"812","Television network","Kacper"
"813","Telewizja","Kacper"
"814","Telewizja informacyjna","Kacper"
"815","Telewizja Polska","Kacper"
"816","The Bright Side","Kacper"
"817","The Independent","Kacper"
"818","The Pet Collective","Kacper"
"819","Thrillery","Kacper"
"820","Tommy Dorsey","Kacper"
"821","Trener","Kacper"
"822","TVP Info","Kacper"
"823","Uczenie się","Kacper"
"824","Umar ibn al-Chattab","Kacper"
"825","Umysł","Kacper"
"826","UNILAD","Kacper"
"827","Ursus (Warszawa)","Kacper"
"828","Vincent van Gogh","Kacper"
"829","Visual effects","Kacper"
"830","W Internecie","Kacper"
"831","Warszawa","Kacper"
"832","WhatsApp","Kacper"
"833","Wilanów","Kacper"
"834","Województwo mazowieckie","Kacper"
"835","Województwo warmińsko-mazurskie","Kacper"
"836","Wola","Kacper"
"837","World music","Kacper"
"838","Worldbeat","Kacper"
"839","Writing about Writing","Kacper"
"840","Wrocław","Kacper"
"841","Wybory","Kacper"
"842","Wydawnictwo","Kacper"
"843","Władza ustawodawcza","Kacper"
"844","Zdobnictwo","Kacper"
"845","Zwierzęta domowe","Kacper"
"846","Zwierzęta gospodarskie","Kacper"
"847","Środki masowego przekazu","Kacper"
"848","Śródmieście (Warszawa)","Kacper"
"849","Światowa Organizacja Zdrowia","Kacper"
"850","Światowe Forum Ekonomiczne","Kacper"
"851","Żoliborz","Kacper"
