"","page_likes.name","page_likes.timestamp","name"
"1","Ataxia",NA,"Yevhenii"
"2","R. L. Burnside",NA,"Yevhenii"
"3","Rolling Stone",NA,"Yevhenii"
"4","Crystal Castles",NA,"Yevhenii"
"5","Klub Kwadrat",NA,"Yevhenii"
"6","Warp Records",NA,"Yevhenii"
"7","Atoms For Peace",NA,"Yevhenii"
"8","Mowa jest srebrem, a milczenie owiec",NA,"Yevhenii"
"9","Jak zostać królem",NA,"Yevhenii"
"10","Manu Chao",NA,"Yevhenii"
"11","Szczeniaki Do Adopcji Warszawa",NA,"Yevhenii"
"12","Bosnian Rainbows",NA,"Yevhenii"
"13","The Mars Volta",NA,"Yevhenii"
"14","Opowiem ci bajkę, jak kot palił fajkę",NA,"Yevhenii"
"15","The National",NA,"Yevhenii"
"16","Hilltop Hoods",NA,"Yevhenii"
"17","DIE ANTWOORD",NA,"Yevhenii"
"18","Everything Everything",NA,"Yevhenii"
"19","Sigur Rós",NA,"Yevhenii"
"20","First Aid Kit",NA,"Yevhenii"
"21","Chad Smith",NA,"Yevhenii"
"22","of Montreal",NA,"Yevhenii"
"23","jestem vintage, mam komunię na VHS",NA,"Yevhenii"
"24","BOKKA",NA,"Yevhenii"
"25","Woods",NA,"Yevhenii"
"26","Nero's Day At Disneyland",NA,"Yevhenii"
"27","Amadou & Mariam",NA,"Yevhenii"
"28","Soul of Five",NA,"Yevhenii"
"29","SSPW - Samorząd Studentów Politechniki Warszawskiej","","Ula"
"30","Pokochaj malucha z Palucha","","Ula"
"31","Szczeniaki Do Adopcji Warszawa","","Ula"
"32","Paulina Witczak - Medycyna Odżywiania","","Ula"
"33","R Memes For Statistical Fiends","","Ula"
"34","SMAD MINI PW","","Ula"
"35","Woodkid","","Ula"
"36","Pubquiz Warszawa - Zbierz drużynę i wygrywaj nagrody","","Ula"
"37","donald.pl","","Ula"
"38","Deep Learning News & Memes","","Ula"
"39","Olimpia Fitness Club","","Ula"
"40","Why R?","","Ula"
"41","ML in PL","","Ula"
"42","WRS MiNI","","Ula"
"43","Wydział Matematyki i Nauk Informacyjnych, Politechnika Warszawska","","Ula"
"44","Neuroscience News and Research","","Ula"
"45","Warszawski Przegląd Darmowego Kina Plenerowego - kiedy i gdzie?","","Ula"
"46","Janina Daily","","Ula"
"47","Poprawna polszczyzna","","Ula"
"48","GoOut","1550-06-26T23:00:00Z","Ula"
"49","Krakow Foodie","","Ula"
"50","Ancestore","","Ula"
"51","Warszawskie Spotkania Entuzjastów R","","Ula"
"52","BeActive","","Ula"
"53","Winokran Food & Wine Bar","","Ula"
"54","Entuzjastów R Krakowska Alternatywa","","Ula"
"55","Czy na Open'erze pada deszcz?","","Ula"
"56","PubQuiz.pl - Zbierz drużynę i wygrywaj nagrody","","Ula"
"57","Question One Quiz Polska","","Ula"
"58","I wish I was in a bunker listening to Radiohead","","Ula"
"59","Piotr Wende music","","Ula"
"60","Mądrości ze Studenckiej","","Ula"
"61","Pierwszy Stopień","","Ula"
"62","Bread&Lee Bakery","","Ula"
"63","Tomasza 20 Resto Bar","","Ula"
"64","Sweet Krakow - Grodzka 47","","Ula"
"65","TaiVan","","Ula"
"66","Sziget Festival Official","","Ula"
"67","SERCE","","Ula"
"68","""Po Drodze"" kawiarnia przy kładce","","Ula"
"69","Lastriko","","Ula"
"70","jestem vintage, mam komunię na VHS","","Ula"
"71","Koło Naukowe Matematyki Finansowej UJ","","Ula"
"72","Nie każdy musi skończyć studia","","Ula"
"73","Telekom Electronic Beats","","Ula"
"74","Teksty z forum BDSM na zdjęciach uroczych zwierzaczków","","Ula"
"75","Off Camera","","Ula"
"76","Leeds Festival","","Ula"
"77","Kochanka folk shotbar","1491-07-23T23:00:00Z","Ula"
"78","SXSW","","Ula"
"79","Sababa","","Ula"
"80","Psy które widziały straszne rzeczy","","Ula"
"81","Sofar Sounds Krakow","","Ula"
"82","You kept talking about love, but all I really needed was a lighter","","Ula"
"83","Desperados","","Ula"
"84","Typowy Artur-student matematyki","","Ula"
"85","The Unofficial Secret History of Twin Peaks Discussion Club","","Ula"
"86","Boję się, że Reni Jusis kiedyś mnie znajdzie.","","Ula"
"87","Angielskie słowo na dziś","","Ula"
"88","Melt Festival","","Ula"
"89","Captured Tracks","","Ula"
"90","Nie śpię bo odświeżam USOSa","","Ula"
"91","89","","Ula"
"92","Giss","","Ula"
"93","To nie słońce znika za horyzontem. To Twoja szansa na zdanie semestru.","","Ula"
"94","Typowa Dekonstrukcja","","Ula"
"95","TheFatRat","","Ula"
"96","Relaksomania","","Ula"
"97","BLISS N ESO","","Ula"
"98","Hilltop Hoods","","Ula"
"99","Drapht","","Ula"
"100","JAK ŻYĆ?","","Ula"
"101","Mercy Brown","","Ula"
"102","UJOT FM","","Ula"
"103","Międzymiastowa","","Ula"
"104","Warsaw Perk","","Ula"
"105","Coffeina Cafe","","Ula"
"106","Rondo Ofiar Warunków","","Ula"
"107","Sarcasm","","Ula"
"108","Dolne Młyny","","Ula"
"109","Trolley problem memes","","Ula"
"110","Fly4free: tanie latanie podróże turystyka","","Ula"
"111","The Tonight Show Starring Jimmy Fallon","","Ula"
"112","Heart Of Rock Agency","","Ula"
"113","Praca dla matematyka","","Ula"
"114","Lowcostcosplay","","Ula"
"115","Music Addicted","","Ula"
"116","Febueder","","Ula"
"117","Whiteout","","Ula"
"118","Free Pub","","Ula"
"119","Smutni koneserzy alkoholi","","Ula"
"120","Fesztivál Önkéntes Központ","1465-12-07T23:00:00Z","Ula"
"121","Quick Coffee Kraków","","Ula"
"122","The Great Escape Festival","","Ula"
"123","M22","","Ula"
"124","Rudy Lisek","","Ula"
"125","Witkowski Wideo","","Ula"
"126","Foster Family","","Ula"
"127","BADBADNOTGOOD","","Ula"
"128","ANOHNI","","Ula"
"129","Opowiem ci bajkę, jak kot palił fajkę","","Ula"
"130","Miejskie Przedsiębiorstwo Komunikacyjne S.A. w Krakowie","","Ula"
"131","Uniwersytet Jagielloński","","Ula"
"132","Smutne historie spisane na kacu i tanim papierze.","","Ula"
"133","Regionalne Centrum Wolontariatu w Krakowie","","Ula"
"134","Pubquiz Kraków - Zbierz drużynę i wygrywaj nagrody","","Ula"
"135","Stellar Asylum","","Ula"
"136","Slightly Stoopid","","Ula"
"137","""Oh Yeah! I am the Biggest HP Freak!!! any doubt?""","","Ula"
"138","Walk Off The Earth","","Ula"
"139","Uwolnić Stanisława Pietrasa","","Ula"
"140","Hudson Mohawke","","Ula"
"141","Atom Resto Bar","","Ula"
"142","Redbubble","","Ula"
"143","Matematyka nocą","","Ula"
"144","Samorząd Studentów Uniwersytetu Jagiellońskiego","","Ula"
"145","Travis","","Ula"
"146","Imprezy V LO - tak się bawi Piątka","","Ula"
"147","Stanisława i Jana niekiedy życiowe manifesty, poezje i zabawy słowem","","Ula"
"148","Instytut Matematyki Uniwersytetu Jagiellońskiego","","Ula"
"149","Kolejna pretensjonalna strona z cytatami i biało-czarnymi zdjęciami","","Ula"
"150","Popielniczka na Kremerowskiej","","Ula"
"151","Cigarettes After Sex","1444-08-22T23:00:00Z","Ula"
"152","Cheap Tobacco","1444-08-15T23:00:00Z","Ula"
"153","Klub Społem","","Ula"
"154","Dismaland","","Ula"
"155","Samorząd Studentów Wydziału Matematyki i Informatyki UJ","","Ula"
"156","Marcus Miller","","Ula"
"157","Hazmat Modine","","Ula"
"158","Unofficial: Elliott Smith","","Ula"
"159","Cage The Elephant","","Ula"
"160","CHVRCHES","","Ula"
"161","Marble Sounds","","Ula"
"162","Panda Bear","","Ula"
"163","Architecture in Helsinki","","Ula"
"164","Thee Silver Mt. Zion Memorial Orchestra","","Ula"
"165","65daysofstatic","","Ula"
"166","Ima Robot","","Ula"
"167","Electric Guest","","Ula"
"168","Jesteśmy dorośli. Kiedy to się stało? Jak to zatrzymać?","","Ula"
"169","Foo Fighters","","Ula"
"170","""Weird Al"" Yankovic","","Ula"
"171","Tenacious D","","Ula"
"172","Husky Rescue Music","","Ula"
"173","Twin Peaks Festival","","Ula"
"174","Dziekani noszą kajdan na szyi bo należą do rap podziemia.","","Ula"
"175","Kygo","1442-09-08T23:00:00Z","Ula"
"176","Klasyczne Memy","","Ula"
"177","Impreza All In UJ","","Ula"
"178","Dystopijna przyszłość, w której miasta zostały zniszczone przez potwory","","Ula"
"179","M&T Group S.C.","","Ula"
"180","KBF","","Ula"
"181","Bardzo brzydkie rysunki","","Ula"
"182","Mowa jest srebrem, a milczenie owiec","","Ula"
"183","Euro-Stewarding","","Ula"
"184","Cool Accidents","","Ula"
"185","Nie zaliczę matury 2015 jak Wokulski Łęckiej","","Ula"
"186","Jedenaście zgłosek to też Tadeusz, stop stereotypom","","Ula"
"187","Kropka nienawiści.","","Ula"
"188","Mikal Cronin","","Ula"
"189","Soul of Five","","Ula"
"190","Slot Scena Konkursowa","","Ula"
"191","Bondage Fairies","","Ula"
"192","Dzień z zadaniem aż do maja, niech zda z majcy Polska cała","","Ula"
"193","Teatr Łaźnia Nowa","","Ula"
"194","Są na świecie płyty, o których nie śniło się młodym klerykom","","Ula"
"195","Kraków żąda przynajmniej Bukaresztu","","Ula"
"196","The Bicycle Thief (band)","","Ula"
"197","Volver","","Ula"
"198","ZAZ","","Ula"
"199","MØ","","Ula"
"200","Postmodern Jukebox","","Ula"
"201","of Montreal","","Ula"
"202","A Silver Mt. Zion","","Ula"
"203","Bonobo","","Ula"
"204","Boards Of Canada","","Ula"
"205","Squarepusher","","Ula"
"206","Warp Records","","Ula"
"207","Disney Polska","","Ula"
"208","Restricted Area","","Ula"
"209","chatolandia.pl Chata Wuja Freda","","Ula"
"210","Sacrum Profanum","","Ula"
"211","R. L. Burnside","","Ula"
"212","Karl Culley","1401-02-06T23:00:00Z","Ula"
"213","Hot Chip","","Ula"
"214","Strfkr","","Ula"
"215","MGMT","","Ula"
"216","Dirty Projectors","","Ula"
"217","The Whitest Boy Alive","","Ula"
"218","The Black Angels","","Ula"
"219","John Maus","","Ula"
"220","Thee Oh Sees","","Ula"
"221","Allah-Las","","Ula"
"222","Beck","","Ula"
"223","Laibach","","Ula"
"224","Crystal Fighters","","Ula"
"225","Manu Chao","","Ula"
"226","Wax Tailor","","Ula"
"227","Milky Chance","","Ula"
"228","Balthazar","","Ula"
"229","The Ting Tings","","Ula"
"230","Devendra Banhart","","Ula"
"231","Ben Caplan","","Ula"
"232","Moderat","","Ula"
"233","Zaz","","Ula"
"234","Danger Mouse & Daniele Luppi","","Ula"
"235","Le Loup","","Ula"
"236","Massive Attack","","Ula"
"237","ANTEMASQUE","","Ula"
"238","John Maus","","Ula"
"239","Igorrr","","Ula"
"240","Mikromusic","","Ula"
"241","Rebeka","","Ula"
"242","Muzyka, której i tak nie znacie","","Ula"
"243","Festiwal Malta","","Ula"
"244","Assemble Head in Sunburst Sound","","Ula"
"245","Outrave","","Ula"
"246","Pohoda Festival","","Ula"
"247","Jamie's World","","Ula"
"248","Tauron Nowa Muzyka Katowice","","Ula"
"249","Rock For People - PL","","Ula"
"250","Praxis","","Ula"
"251","Gallops","","Ula"
"252","DIE ANTWOORD","","Ula"
"253","Buckethead","","Ula"
"254","Forest Swords","","Ula"
"255","Esmerine","","Ula"
"256","Calexico","","Ula"
"257","Foxygen","","Ula"
"258","Fabryka","","Ula"
"259","Colours of Ostrava Polska","","Ula"
"260","Welcome to the Internet","","Ula"
"261","Disclosure","","Ula"
"262","Nick Murphy","","Ula"
"263","Melody's Echo Chamber","","Ula"
"264","Architecture in Helsinki (band)","","Ula"
"265","Porcupine Tree","","Ula"
"266","Phaeleh","","Ula"
"267","Orange Warsaw Festival","","Ula"
"268","Usłysz","","Ula"
"269","Parov Stelar","","Ula"
"270","Emancipator","","Ula"
"271","The Asteroids Galaxy Tour","","Ula"
"272","London Grammar","","Ula"
"273","Cut Copy","","Ula"
"274","Nero's Day At Disneyland","","Ula"
"275","Places to See Before You Die","","Ula"
"276","Emma Roberts","","Ula"
"277","Röyksopp","","Ula"
"278","Late Of The Pier","","Ula"
"279","I don't, kurwa, care.","","Ula"
"280","R.U.T.A.","","Ula"
"281","NOVIKA","","Ula"
"282","Alex Turner","","Ula"
"283","Babyshambles","","Ula"
"284","są ludzie i parapety, no ale żeby się do HOGWARTU nie dostac","","Ula"
"285","Frusciante.pl","","Ula"
"286","Z uniesień pozostało mi uniesienie brwi, ze wzruszeń - wzruszenie ramion.","","Ula"
"287","Pitchfork Music Festival Paris","","Ula"
"288","NPR Music","","Ula"
"289","Rolling Stone","","Ula"
"290","Piotr Stelmach","","Ula"
"291","Muzyka, której nie znasz a powinieneś.","","Ula"
"292","Fismoll","","Ula"
"293","Offensywa","","Ula"
"294","NME","","Ula"
"295","Snowmine","","Ula"
"296","Princess Chelsea","","Ula"
"297","BOKKA","","Ula"
"298","The Neighbourhood","","Ula"
"299","Turning up your coat collar to be more like Sherlock.","","Ula"
"300","Pitchfork","","Ula"
"301","Cafe Szafe","","Ula"
"302","Bosnian Rainbows","","Ula"
"303","Touring Poland - koncertowe kalendarium","","Ula"
"304","Amanda Palmer","","Ula"
"305","Stary Port, Kraków","","Ula"
"306","Rozrywki Trzy","","Ula"
"307","Austra","","Ula"
"308","Kraków żyje","","Ula"
"309","NNHMN","","Ula"
"310","Fair Weather Friends","","Ula"
"311","Drekoty","","Ula"
"312","KAMP!","","Ula"
"313","Lao Che","","Ula"
"314","L.Stadt","","Ula"
"315","Portugal. The Man","","Ula"
"316","CocoRosie","","Ula"
"317","Klub Piękny Pies","","Ula"
"318","Sherlock","","Ula"
"319","BBC One","","Ula"
"320","MS MR","","Ula"
"321","KATE BOY","","Ula"
"322","Clark","","Ula"
"323","Elliphant","","Ula"
"324","Wredny tramwaj z Krakowa","","Ula"
"325","Chad Smith","","Ula"
"326","Ks Bronowianka","","Ula"
"327","Daft Punk","","Ula"
"328","RATATAT","","Ula"
"329","Mela Koteluk","","Ula"
"330","Szesnastkowe Teksty","","Ula"
"331","The Butterfly Effect","","Ula"
"332","Maria Peszek","","Ula"
"333","GorillaFM","","Ula"
"334","Atlas Sound","","Ula"
"335","The xx","","Ula"
"336","Róża Wiatrów","","Ula"
"337","Beautiful sentences","","Ula"
"338","Małe oryginalne knajpki","","Ula"
"339","The Perks of Being a Wallflower","","Ula"
"340","Poland. Come and complain.","","Ula"
"341","Serce i Rozum","","Ula"
"342","Ubieram się na czarno, bo jestem z Nocnej Straży","","Ula"
"343","Unsound","","Ula"
"344","Lista osobista Piotra Metza","","Ula"
"345","Aktivist","","Ula"
"346","Nick Cave & The Bad Seeds","","Ula"
"347","Vladimirska","","Ula"
"348","The National","","Ula"
"349","Savages","","Ula"
"350","Palma Violets","","Ula"
"351","Cloud Nothings","","Ula"
"352","Sklep zielarsko-medyczny Aronia","","Ula"
"353","Mądrości nauczycielskie V LO","","Ula"
"354","Zakład Rentgena i USG Wyrobek","","Ula"
"355","Yeah Yeah Yeahs","","Ula"
"356","Deerhunter","","Ula"
"357","Conrad Festival","","Ula"
"358","Jaram się jak Hogwart w 1998","","Ula"
"359","METRONOMY","","Ula"
"360","Beirut","","Ula"
"361","The Cure","","Ula"
"362","The Smashing Pumpkins","","Ula"
"363","Queens of the Stone Age","","Ula"
"364","Bombay Bicycle club","","Ula"
"365","Sigur Rós","","Ula"
"366","Crystal Castles","","Ula"
"367","Green ZOO Festival","","Ula"
"368","KOTKAROLA","","Ula"
"369","Typowy Piątkowicz","","Ula"
"370","Rzeczy, których uczniowie VLO na pewno nie powiedzą","","Ula"
"371","Devendra Banhart","","Ula"
"372","James Blake","","Ula"
"373","Thom Yorke","","Ula"
"374","Atoms For Peace","","Ula"
"375","OFF Festival Katowice","","Ula"
"376","Kraków Live Festival","","Ula"
"377","Selector Festival","","Ula"
"378","Open'er Festival","","Ula"
"379","UL/KR","","Ula"
"380","Festiwal Miłosza","","Ula"
"381","Magazyn Kultury","","Ula"
"382","Kolanko No 6","","Ula"
"383","Red Hot Chili Peppers Fansite Stadium-Arcadium.com","","Ula"
"384","Amadou & Mariam","","Ula"
"385","Modest Mouse","","Ula"
"386","Woods","","Ula"
"387","Stars","","Ula"
"388","Everything Everything","","Ula"
"389","Kazik","","Ula"
"390","Ataxia","","Ula"
"391","Dinosaur Jr.","","Ula"
"392","First Aid Kit","","Ula"
"393","Alex Turner","","Ula"
"394","Warpaint","","Ula"
"395","Radiohead","","Ula"
"396","Klub Kwadrat","","Ula"
"397","PS czyli Pani Szydłowska","","Ula"
"398","Spotted: V LO w Krakowie","","Ula"
"399","Muzyka której nie znasz a powinieneś","","Ula"
"400","Dropkick Murphys","","Ula"
"401","Phoenix","","Ula"
"402","Divine Fits","","Ula"
"403","Of Monsters and Men","","Ula"
"404","Animal Collective","","Ula"
"405","Strachy Na Lachy | GRABAŻ | PIDŻAMA PORNO","","Ula"
"406","First Aid Kit","","Ula"
"407","The Twilight Sad","","Ula"
"408","Home Alone","","Ula"
"409","Filmweb","","Ula"
"410","The Black Keys","","Ula"
"411","GH+","","Ula"
"412","The Dead Weather","","Ula"
"413","ORL Projects","","Ula"
"414","Mad Season","","Ula"
"415","J. R. R. Tolkien","","Ula"
"416","Program Alternatywny","","Ula"
"417","Tame Impala","","Ula"
"418","The Lord of the Rings Trilogy","","Ula"
"419","Alter Art","","Ula"
"420","Trójka - Program 3 Polskiego Radia","","Ula"
"421","Rock Radio","","Ula"
"422","Klub Studio","","Ula"
"423","Odkąd chodzę do liceum, czuję się jak ostatni debil.","","Ula"
"424","The Raveonettes","","Ula"
"425","Czekoladoholicy","","Ula"
"426","jedzenie nie powinno tuczyć.","","Ula"
"427","Zaczepki zaczepkami, ale kiedy pójdziemy na sernik?","","Ula"
"428","Wiedza bezużyteczna","","Ula"
"429","Metric","","Ula"
"430","Yeasayer","","Ula"
"431","alt-J","","Ula"
"432","Grizzly Bear","","Ula"
"433","Augustines","","Ula"
"434","Beetlejuice","","Ula"
"435","Neneh Cherry","","Ula"
"436","Mad Season","","Ula"
"437","Beach House","","Ula"
"438","The Mars Volta","","Ula"
"439","Mr. Square","","Ula"
"440","The Raconteurs","","Ula"
"441","Jack White","","Ula"
"442","Tim Burton Movies","","Ula"
"443","Fight Club","","Ula"
"444","PIXIES","","Ula"
"445","To Kill A Mocking Bird","","Ula"
"446","V LO w Krakowie","","Ula"
"447","Terry Pratchett Books","","Ula"
"448","The Hobbit","","Ula"
"449","Star Wars","","Ula"
"450","Jaram się Tobą jak Petunia Dudleyem","","Ula"
"451","Serge Pizzorno","","Ula"
"452","Red Hot Chili Peppers","","Ula"
"453","Live Nation Polska","","Ula"
"454","Hannibal","","Ula"
"455","Volver","","Ula"
"456","Sweeney Todd: The Demon Barber of Fleet Street","","Ula"
"457","Erin Brockovich","","Ula"
"458","Jak zostać królem","","Ula"
"459","500 Days of Summer","","Ula"
"460","Fani filmu ""Ojciec Chrzestny""","","Ula"
"461","The Ilusionist","","Ula"
"462","Vicky Cristina Barcelona","","Ula"
"463","The Prestige","","Ula"
"464","Harry Potter","","Ula"
"465","As Good as It Gets","","Ula"
"466","The Godfather","","Ula"
"467","Mistrz I Małgorzata","","Ula"
"468","Władca Pierścieni","","Ula"
"469","Agatha Christie","","Ula"
"470","Harry Potter","","Ula"
"471","Nirvana","","Ula"
"472","Pidżama Porno","","Ula"
"473","Bob Marley","","Ula"
"474","The White Stripes","","Ula"
"475","The Kills","","Ula"
"476","Kasabian","","Ula"
"477","The Strokes","","Ula"
"478","Aerosmith","","Ula"
"479","PJ Harvey","","Ula"
"480","Kult","","Ula"
"481","Arctic Monkeys","","Ula"
"482","The Cure","","Ula"
"483","The Rascals (English band)","","Ula"
"484","The Doors","","Ula"
"485","The Clash","","Ula"
"486","Joy Division","","Ula"
"487","The Vaccines","","Ula"
"488","Strachy Na Lachy","","Ula"
"489","The Last Shadow Puppets","","Ula"
"490","The Black Keys","","Ula"
"491","John Frusciante","","Ula"
"492","The Red Hot Chilli Peppers","","Ula"
"493","BaKacz",NA,"Kacper"
"494","MCI International Relations Office",NA,"Kacper"
"495","Czasopismo DELTA",NA,"Kacper"
"496","Zosia Jemioło",NA,"Kacper"
"497","Origami.me",NA,"Kacper"
"498","Deloitte Kariera",NA,"Kacper"
"499","SALON Fryzjerski MĘSKI Barbershop",NA,"Kacper"
"500","LEGO Mathematics ""Mathfigs""",NA,"Kacper"
"501","Brilliant.org",NA,"Kacper"
"502","Pizza by Grzegorz Król",NA,"Kacper"
"503","SciFun",NA,"Kacper"
"504","Brilliant.org Advanced Math",NA,"Kacper"
"505","AUTO Kaczmarski",NA,"Kacper"
"506","Gimnazjum nr 2 i SP nr 4 w Błoniu - strona archiwalna",NA,"Kacper"
