,words,n,sender
1,nie,37,Yevhenii
2,to,36,Yevhenii
3,i,30,Yevhenii
4,z,28,Yevhenii
5,w,23,Yevhenii
6,siÄ™,21,Yevhenii
7,jest,21,Yevhenii
8,do,19,Yevhenii
9,na,16,Yevhenii
10,o,16,Yevhenii
11,Å¼e,15,Yevhenii
12,jak,12,Yevhenii
13,tego,11,Yevhenii
14,tym,11,Yevhenii
15,juÅ¼,10,Yevhenii
16,ma,9,Yevhenii
17,Jak,9,Yevhenii
18,ja,9,Yevhenii
19,-,9,Yevhenii
20,teÅ¼,8,Yevhenii
21,teraz,8,Yevhenii
22,czy,8,Yevhenii
23,ale,8,Yevhenii
24,tak,8,Yevhenii
25,co,8,Yevhenii
26,byÄ‡,8,Yevhenii
27,a,7,Yevhenii
28,bo,7,Yevhenii
29,mi,7,Yevhenii
30,Co,7,Yevhenii
31,Nie,6,Yevhenii
32,wÅ‚aÅ›nie,6,Yevhenii
33,To,6,Yevhenii
34,te,6,Yevhenii
35,po,6,Yevhenii
36,Å¼eby,6,Yevhenii
37,trzeba,5,Yevhenii
38,tylko,5,Yevhenii
39,takie,5,Yevhenii
40,Ta,5,Yevhenii
41,ankieta,5,Yevhenii
42,dostÄ™pna.,5,Yevhenii
43,sÄ…,5,Yevhenii
44,I,5,Yevhenii
45,czego,5,Yevhenii
46,gdzie,4,Yevhenii
47,Tylko,4,Yevhenii
48,No,4,Yevhenii
49,kiedy,4,Yevhenii
50,tam,4,Yevhenii
51,ktoÅ›,4,Yevhenii
52,za,4,Yevhenii
53,chyba,4,Yevhenii
54,oraz,4,Yevhenii
55,moÅ¼e,4,Yevhenii
56,sam,4,Yevhenii
57,wiÄ™c,4,Yevhenii
58,ze,4,Yevhenii
59,kaÅ¼dy,4,Yevhenii
60,uwaÅ¼asz,4,Yevhenii
61,one,3,Yevhenii
62,maila,3,Yevhenii
63,wow,3,Yevhenii
64,mieÄ‡,3,Yevhenii
65,jeszcze,3,Yevhenii
66,spoko,3,Yevhenii
67,no,3,Yevhenii
68,ten,3,Yevhenii
69,sposÃ³b,3,Yevhenii
70,jej,3,Yevhenii
71,by,3,Yevhenii
72,bez,3,Yevhenii
73,3,3,Yevhenii
74,da,3,Yevhenii
75,ogÃ³le,3,Yevhenii
76,byÅ‚o,3,Yevhenii
77,ktÃ³ry,3,Yevhenii
78,bardzo,3,Yevhenii
79,A,3,Yevhenii
80,szatni,3,Yevhenii
81,coÅ›,3,Yevhenii
82,tutaj,3,Yevhenii
83,"siÄ™,",3,Yevhenii
84,czÄ™sto,3,Yevhenii
85,rozwiÄ…zanie,3,Yevhenii
86,plan,3,Yevhenii
87,motto,3,Yevhenii
88,majÄ…,2,Yevhenii
89,byÄ‡?,2,Yevhenii
90,DziÄ™ki,2,Yevhenii
91,Czy,2,Yevhenii
92,KtoÅ›,2,Yevhenii
93,mam,2,Yevhenii
94,pytanie,2,Yevhenii
95,test,2,Yevhenii
96,napisaÄ‡,2,Yevhenii
97,tak?,2,Yevhenii
98,XD,2,Yevhenii
99,nas,2,Yevhenii
100,nawet,2,Yevhenii
101,Na,2,Yevhenii
102,W,2,Yevhenii
103,powiedzieÄ‡,2,Yevhenii
104,MoÅ¼ecie,2,Yevhenii
105,dzwoniÄ‡,2,Yevhenii
106,siebie,2,Yevhenii
107,nawzajem,2,Yevhenii
108,wysyÅ‚aÄ‡,2,Yevhenii
109,wiadomoÅ›ci,2,Yevhenii
110,wyÅ›wietlaÄ‡,2,Yevhenii
111,"informacje,",2,Yevhenii
112,status,2,Yevhenii
113,aktywnoÅ›ci,2,Yevhenii
114,informacje,2,Yevhenii
115,przeczytaniu,2,Yevhenii
116,wiadomoÅ›ci.,2,Yevhenii
117,je,2,Yevhenii
118,xd,2,Yevhenii
119,ona,2,Yevhenii
120,powiadomienia,2,Yevhenii
121,grupy,2,Yevhenii
122,np.,2,Yevhenii
123,zajÄ™Ä‡,2,Yevhenii
124,problem,2,Yevhenii
125,Albo,2,Yevhenii
126,moÅ¼emy,2,Yevhenii
127,wg,2,Yevhenii
128,nikt,2,Yevhenii
129,wiem,2,Yevhenii
130,wyglÄ…da,2,Yevhenii
131,wymyÅ›leÄ‡,2,Yevhenii
132,akurat,2,Yevhenii
133,byÅ‚a,2,Yevhenii
134,szatnia,2,Yevhenii
135,,2,Yevhenii
136,mniej,2,Yevhenii
137,mogÄ…,2,Yevhenii
138,strefy,2,Yevhenii
139,zrobiÄ…,2,Yevhenii
140,zrobiÄ‡,2,Yevhenii
141,drzwi,2,Yevhenii
142,pewnie,2,Yevhenii
143,bardziej,2,Yevhenii
144,bÄ™dzie,2,Yevhenii
145,wejÅ›Ä‡,2,Yevhenii
146,prostu,2,Yevhenii
147,opowiedzÄ…,2,Yevhenii
148,moi,2,Yevhenii
149,strasznie,2,Yevhenii
150,czÅ‚owiek,2,Yevhenii
151,samotnÄ…,2,Yevhenii
152,innych,2,Yevhenii
153,gdy,2,Yevhenii
154,tych,2,Yevhenii
155,ludzi,2,Yevhenii
156,nam,2,Yevhenii
157,musimy,2,Yevhenii
158,rozumiem,2,Yevhenii
159,jutro,2,Yevhenii
160,gmachu?,2,Yevhenii
161,nieco,2,Yevhenii
162,dwie,2,Yevhenii
163,PomysÅ‚,2,Yevhenii
164,dla,2,Yevhenii
165,mnie,2,Yevhenii
166,nazwÄ™,2,Yevhenii
167,bym,2,Yevhenii
168,gdzieÅ›,2,Yevhenii
169,PomachaÅ‚eÅ›(aÅ›),2,Yevhenii
170,strony,2,Yevhenii
171,myÅ›lisz,2,Yevhenii
172,Wydaje,2,Yevhenii
173,kiedyÅ›,2,Yevhenii
174,to,27282,Kacper
175,nie,16161,Kacper
176,w,14587,Kacper
177,z,12509,Kacper
178,na,11908,Kacper
179,i,11217,Kacper
180,o,10247,Kacper
181,jest,10007,Kacper
182,się,8458,Kacper
183,że,7552,Kacper
184,jak,7458,Kacper
185,tak,6548,Kacper
186,do,6521,Kacper
187,a,6216,Kacper
188,co,5947,Kacper
189,ale,5632,Kacper
190,A,5329,Kacper
191,xd,5080,Kacper
192,ze,5031,Kacper
193,-,4338,Kacper
194,Ale,4303,Kacper
195,I,4296,Kacper
196,bo,4206,Kacper
197,czy,4049,Kacper
198,sie,3546,Kacper
199,To,3448,Kacper
200,mi,3276,Kacper
201,Bo,3180,Kacper
202,tego,3140,Kacper
203,tym,2994,Kacper
204,chyba,2973,Kacper
205,po,2965,Kacper
206,coś,2857,Kacper
207,ja,2834,Kacper
208,ma,2766,Kacper
209,mam,2755,Kacper
210,no,2677,Kacper
211,,2630,Kacper
212,No,2553,Kacper
213,może,2532,Kacper
214,tam,2509,Kacper
215,jeszcze,2339,Kacper
216,ten,2262,Kacper
217,te,2188,Kacper
218,:D,2185,Kacper
219,od,2144,Kacper
220,W,2138,Kacper
221,dla,2120,Kacper
222,by,2113,Kacper
223,tylko,2102,Kacper
224,Nie,1960,Kacper
225,już,1938,Kacper
226,za,1850,Kacper
227,wiem,1841,Kacper
228,:),1777,Kacper
229,też,1658,Kacper
230,teraz,1632,Kacper
231,masz,1598,Kacper
232,mnie,1597,Kacper
233,?,1596,Kacper
234,są,1542,Kacper
235,być,1519,Kacper
236,sobie,1515,Kacper
237,było,1499,Kacper
238,Tak,1483,Kacper
239,mamy,1463,Kacper
240,Ja,1456,Kacper
241,sumie,1452,Kacper
242,XD,1425,Kacper
243,takie,1344,Kacper
244,ta,1237,Kacper
245,cos,1203,Kacper
246,Jak,1183,Kacper
247,przez,1159,Kacper
248,chodzi,1135,Kacper
249,można,1124,Kacper
250,będzie,1099,Kacper
251,xD,1083,Kacper
252,nawet,1058,Kacper
253,Generic,1057,Kacper
254,2,1028,Kacper
255,moze,1025,Kacper
256,ci,1022,Kacper
257,tej,1005,Kacper
258,ok,1004,Kacper
259,u,977,Kacper
260,więc,968,Kacper
261,tez,960,Kacper
262,tych,922,Kacper
263,juz,921,Kacper
264,sensie,913,Kacper
265,właśnie,904,Kacper
266,1,894,Kacper
267,=,874,Kacper
268,trzeba,850,Kacper
269,bardzo,844,Kacper
270,nic,843,Kacper
271,on,829,Kacper
272,jakby,806,Kacper
273,taki,803,Kacper
274,nie,35130,Ula
275,to,29490,Ula
276,w,22778,Ula
277,na,22702,Ula
278,i,19021,Ula
279,z,16290,Ula
280,sie,15121,Ula
281,ze,12953,Ula
282,jest,12529,Ula
283,się,12075,Ula
284,jak,12067,Ula
285,do,11474,Ula
286,I,9676,Ula
287,tak,9412,Ula
288,Nie,9112,Ula
289,mi,8607,Ula
290,ja,8278,Ula
291,A,8244,Ula
292,Ale,7919,Ula
293,bo,7665,Ula
294,To,7594,Ula
295,że,7489,Ula
296,ale,7400,Ula
297,co,6984,Ula
298,o,6954,Ula
299,a,6946,Ula
300,mam,6553,Ula
301,xD,6263,Ula
302,Bo,6197,Ula
303,mnie,5551,Ula
304,,5455,Ula
305,czy,5296,Ula
306,No,5223,Ula
307,:3,5191,Ula
308,Ja,4843,Ula
309,po,4705,Ula
310,:c,4678,Ula
311,za,4331,Ula
312,ma,4303,Ula
313,XD,4170,Ula
314,W,4129,Ula
315,wiem,4053,Ula
316,tylko,3887,Ula
317,xd,3572,Ula
318,chyba,3536,Ula
319,sumie,3477,Ula
320,tym,3369,Ula
321,jeszcze,3281,Ula
322,tam,3244,Ula
323,sobie,3174,Ula
324,Jak,3014,Ula
325,jestem,2910,Ula
326,tego,2905,Ula
327,od,2897,Ula
328,teraz,2859,Ula
329,"wiem,",2830,Ula
330,no,2803,Ula
331,juz,2610,Ula
332,<3,2588,Ula
333,Ci,2568,Ula
334,bardzo,2463,Ula
335,tez,2380,Ula
336,już,2242,Ula
337,chce,2238,Ula
338,D:,2214,Ula
339,dzisiaj,2188,Ula
340,też,2179,Ula
341,ten,2112,Ula
342,Ty,2011,Ula
343,masz,2005,Ula
344,Tak,1993,Ula
345,jutro,1949,Ula
346,te,1884,Ula
347,❤,1818,Ula
348,Ok,1753,Ula
349,nic,1734,Ula
350,moze,1732,Ula
351,dobrze,1713,Ula
352,nawet,1703,Ula
353,Tylko,1688,Ula
354,cos,1683,Ula
355,on,1671,Ula
356,może,1667,Ula
357,coś,1665,Ula
358,było,1663,Ula
359,są,1653,Ula
360,dla,1621,Ula
361,by,1570,Ula
362,bym,1568,Ula
363,:D,1554,Ula
364,będzie,1540,Ula
365,potem,1537,Ula
366,Na,1510,Ula
367,przez,1504,Ula
368,zeby,1501,Ula
369,ogole,1490,Ula
370,bedzie,1481,Ula
371,u,1448,Ula
372,być,1433,Ula
373,bylo,1433,Ula
