"","timestamp","data","title","name"
"1","2014-05-15T19:45:59Z","","Jeugeniusz Winiczenko added a new photo","Yevhenii"
"2","2014-05-15T19:45:59Z","","Jeugeniusz Winiczenko added a new photo","Yevhenii"
"3","2014-05-15T19:45:59Z","","Jeugeniusz Winiczenko added a new photo","Yevhenii"
"4","2016-06-04T09:34:31Z","Z okazji urodzin dostajesz cycki z okropną, młodszą wersją nas. Sto lat <3","Jeugeniusz Winiczenko added a new photo","Yevhenii"
"5","2015-10-28T11:32:54Z","W dniu swoich 21szych urodzin, otrzymujesz list do Hogwartu. Gratuluję <3","Jeugeniusz Winiczenko added a new photo","Yevhenii"
"6","2020-12-04T15:31:15Z","Fb testuje czy pamiętam jak wyglądacie","Ula Białończyk posted in w ogóle.","Ula"
"7","2020-11-02T16:32:52Z","Poniedziałek: oczekiwania vs rzeczywistość","Ula Białończyk posted in w ogóle.","Ula"
"8","2020-10-25T19:32:01Z","Hej, dziękuję za wszystkie propozycje imienia dla pieska, wszystkie były super. 
Zwyciężyła Tortilla, głównie dlatego, że na nie reaguje ;) funkcjonuje też jako Torti, Tortiś, Tori, Tortellini","Ula Białończyk posted in w ogóle.","Ula"
"9","2020-10-24T12:34:49Z","Powiększyło się grono zwierząt w naszej paczce :3 oprócz pieska, chętnie przygarnę też pomysły na imię dla tej pani ;)","Ula Białończyk posted in w ogóle.","Ula"
"10","2020-08-11T10:50:01Z","[Szeregi]

Czy ktoś może ściągał wykłady Mielniczuka? Brakuje mi 3 i od 12 do końca, a wszystko usunął ze strony :c","Ula Białończyk posted in HSMAD 2019.","Ula"
"11","2020-06-15T08:57:38Z","Jakie mieliście pytania z biostaty?","Ula Białończyk posted in HSMAD 2019.","Ula"
"12","2020-03-20T11:35:17Z","Skoro Maria Kluziak stworzyła nitkę, to wrzucam tutorial jak spędzać urodziny w trakcie kwarantanny","Ula Białończyk posted in w ogóle.","Ula"
"13","2020-03-12T16:12:09Z","Hej, Grzegorzewski napisał takiego bardzo miłego maila, może mu jakoś grupowo odpiszemy?","Ula Białończyk posted in HSMAD 2019.","Ula"
"14","2020-02-04T11:27:00Z","[AW] Czy trzeba jakoś dawać znać że się przyjmuje ocene z cwiczen, czy starczy nie przyjść na egzamin?","Ula Białończyk posted in HSMAD 2019.","Ula"
"15","2019-11-23T17:16:19Z","Cudny Józef 20, rezerwacja na moje imię","Ula Białończyk posted in w ogóle.","Ula"
"16","2019-08-03T13:36:11Z","Co pijemy?","Ula Białończyk posted in przedparapetówka.","Ula"
"17","2018-03-28T17:54:34Z","Trzeba wymyślić nazwę drużyny ASAP","Ula Białończyk posted in bardzo.","Ula"
"18","2018-02-16T07:32:45Z","Gdzie my się dokładnie spotykamy?","Ula Białończyk posted in Góry i flaszka - edycja Nanga Parbat 2018.","Ula"
"19","2017-12-31T14:35:24Z","Przypomniałby ktoś adres, żebym mogła ogarnąć dojazd? Albo chociaż jakie to są przystanki autobusowe. Ładnie proszę :)))","Ula Białończyk posted in Sylwester 17/18- Gwiazdy muzyki.","Ula"
"20","2017-06-24T13:26:26Z","Czy osoby które zdawały już ustny z analizy mogłyby się podzielić tym, jakie dowody miały do wyboru? Ładnie proszę :)","Ula Białończyk posted in UJ Matematyka 2015/16.","Ula"
"21","2017-06-15T09:12:06Z","Żebyśmy za 100 lat dalej były młode, woziły się razem autem i śpiewały wszystko jak leci, tylko fałszowały trochę mniej.
Najlepszego, Słoneczko <3
Na zawsze Twoja,
Honeybee","Ula Białończyk added a new photo to Nikola Kaletka's timeline.","Ula"
"22","2017-01-13T15:41:23Z","Wnioskuje, żeby osoba, która ma grupowe zdjęcia z mikro się ujawniła :3","Ula Białończyk posted in UJ Matematyka 2015/16.","Ula"
"23","2017-01-13T11:05:03Z","Tak sie bawimy","","Ula"
"24","2017-01-06T18:32:12Z","Koty też boją się matematyki","","Ula"
"25","2016-12-17T15:16:09Z","Rodzinka znowu w komplecie <3","","Ula"
"26","2016-11-21T09:19:28Z","Cześć, nie lubię Cię, miłego poniedziałku!","","Ula"
"27","2016-09-18T09:18:25Z","1479719968","Ula Białończyk posted in UJ Matematyka 2015/16.","Ula"
"28","2016-08-31T12:21:11Z","Czy osoby które zdawały ustny z topologii w drugim terminie moglyby sie podzielic pytaniami? Bylabym wdzięczna :3","Ula Białończyk added a new photo to Danusia Martuś's timeline.","Ula"
"29","2016-06-04T09:34:31Z","Z okazji urodzin dostajesz cycki z okropną, młodszą wersją nas. Sto lat <3","Ula Białończyk posted in Degustacja Tropical Stoutu i West Coast IPA.","Ula"
"30","2016-05-15T18:15:21Z","Ja mam dobre pytanie. Jaki to jest przystanek?","Ula Białończyk posted in Grupa 2 semestr letni.","Ula"
"31","2016-05-11T15:30:37Z","Hej, jakbyście mogli napisać, jakie mieliście pytania na dwoch ostatnich kartkowkach z WDA, to bylabym baardzo wdzięczna :)","Ula Białończyk posted in UJ Matematyka 2015/16.","Ula"
"32","2016-05-09T18:48:52Z","Czy któraś grupa miała siódmą kartkówkę z wda?","","Ula"
"33","2016-04-10T18:07:12Z","Batman vs Superman","Ula Białończyk added a new photo to Krzysztof Wende's timeline.","Ula"
"34","2015-10-28T11:32:54Z","W dniu swoich 21szych urodzin, otrzymujesz list do Hogwartu. Gratuluję <3","","Ula"
"35","2015-10-24T01:05:53Z","1446031974","","Ula"
"36","2015-10-06T18:22:09Z","1445648753","Ula Białończyk shared a group to the group: UJ Matematyka 2015/16.","Ula"
"37","2015-09-29T11:02:33Z","https://www.facebook.com/groups/768256553303327/

okej, grupa dla grupy 2, zeby nikt nie musiał nam zazdrościć, że nie mamy w czwartek programów użytkowych :3 ale że mam wszystkich w znajomych, to się dodawajcie c:","Ula Białończyk posted in UJ Matematyka 2015/16.","Ula"
"38","2015-09-20T20:33:26Z","Ej, bo tak w sumie mówimy o tym spotkaniu i nic w tym kierunku nie robimy. Wiec się ogarnijmy i wyjdźmy gdzieś dzisiaj wieczorem, co wy na to? c: piwo, karaoke, czy potańczyć, cokolwiek. W Alternatywach piwo do 21szej za 3zl, jeśli to was zachęci :3","","Ula"
"39","2014-07-28T15:17:37Z",":333","Ula Białończyk wrote on Bartek Kąkol's timeline.","Ula"
"40","2014-05-15T19:45:59Z","1442781206","Ula Białończyk added a new photo.","Ula"
"41","2014-05-15T19:45:59Z","Sto lat <3","Ula Białończyk added a new photo.","Ula"
"42","2014-05-15T19:45:59Z","","Ula Białończyk added a new photo.","Ula"
"43","2014-05-15T19:45:59Z","","Ula Białończyk added a new photo.","Ula"
"44","2014-05-15T19:45:59Z","","Ula Białończyk added a new photo.","Ula"
"45","2014-05-15T19:45:59Z","","Ula Białończyk added a new photo.","Ula"
"46","2014-05-15T19:45:59Z","","Ula Białończyk added a new photo.","Ula"
"47","2014-05-15T19:45:59Z","","Ula Białończyk added a new photo.","Ula"
"48","2014-05-15T19:45:59Z","","Ula Białończyk added a new photo.","Ula"
"49","2014-05-15T19:45:59Z","","Ula Białończyk added a new photo.","Ula"
"50","2014-05-15T19:45:59Z","","Ula Białończyk added a new photo.","Ula"
"51","2014-05-15T19:45:59Z","","Ula Białończyk added a new photo.","Ula"
"52","2014-05-15T19:45:59Z","","Ula Białończyk added a new photo.","Ula"
"53","2014-05-15T19:45:59Z","","Ula Białończyk added a new photo.","Ula"
"54","2014-05-15T19:45:59Z","","Ula Białończyk added a new photo.","Ula"
"55","2014-05-15T19:45:59Z","","Ula Białończyk added a new photo.","Ula"
"56","2014-05-15T19:45:59Z","","Ula Białończyk added a new photo.","Ula"
"57","2014-05-15T19:45:59Z","","Ula Białończyk added a new photo.","Ula"
"58","2014-05-15T19:45:59Z","","Ula Białończyk added a new photo.","Ula"
"59","2014-05-15T19:45:59Z","","Ula Białończyk added a new photo.","Ula"
"60","2014-05-15T19:45:59Z","","Ula Białończyk added a new photo.","Ula"
"61","2014-05-15T19:45:59Z","","Ula Białończyk added a new photo.","Ula"
"62","2014-05-15T19:45:59Z","","Ula Białończyk added a new photo.","Ula"
"63","2014-05-15T19:45:59Z","","Ula Białończyk added a new photo.","Ula"
"64","2014-05-15T19:45:59Z","","Ula Białończyk added a new photo.","Ula"
"65","2014-05-15T19:45:59Z","","Ula Białończyk added a new photo.","Ula"
"66","2014-05-15T19:45:59Z","","Ula Białończyk added a new photo.","Ula"
"67","2014-05-15T19:45:59Z","","Ula Białończyk added a new photo.","Ula"
"68","2014-05-15T19:45:59Z","","Ula Białończyk added a new photo.","Ula"
"69","2014-05-15T19:45:59Z","","Ula Białończyk added a new photo.","Ula"
"70","2014-05-15T19:45:59Z","","Ula Białończyk added a new photo.","Ula"
"71","2014-05-15T19:45:59Z","","Ula Białończyk added a new photo.","Ula"
"72","2014-05-15T19:45:59Z","","Ula Białończyk added a new photo.","Ula"
"73","2014-05-15T19:45:59Z","","Ula Białończyk added a new photo.","Ula"
"74","2014-05-15T19:45:59Z","","Ula Białończyk added a new photo.","Ula"
"75","2014-05-15T19:45:59Z","","Ula Białończyk added a new photo.","Ula"
"76","2014-05-15T19:45:59Z","","Ula Białończyk added a new photo.","Ula"
"77","2014-05-15T19:45:59Z","","Ula Białończyk added a new photo.","Ula"
"78","2014-05-15T19:45:59Z","","Ula Białończyk added a new photo.","Ula"
"79","2014-05-15T19:45:59Z","","Ula Białończyk added a new photo.","Ula"
"80","2014-05-15T19:45:59Z","","Ula Białończyk added a new photo.","Ula"
"81","2014-05-15T19:45:59Z","","Ula Białończyk added a new photo.","Ula"
"82","2014-05-15T19:45:59Z","","Ula Białończyk added a new photo.","Ula"
"83","2014-05-15T19:45:59Z","","Ula Białończyk added a new photo.","Ula"
"84","2014-05-15T19:45:59Z","","Ula Białończyk added a new photo.","Ula"
"85","2014-05-15T19:45:59Z","","Ula Białończyk added a new photo.","Ula"
"86","2014-05-15T19:45:59Z","","Ula Białończyk added a new photo.","Ula"
"87","2014-05-15T19:45:59Z","","Ula Białończyk added a new photo.","Ula"
"88","2014-05-15T19:45:59Z","","Ula Białończyk added a new photo.","Ula"
"89","2014-05-15T19:45:59Z","","Ula Białończyk added a new photo.","Ula"
"90","2014-05-15T19:45:59Z","","Ula Białończyk added a new photo.","Ula"
"91","2014-05-15T19:45:59Z","","Ula Białończyk added a new photo.","Ula"
"92","2014-05-15T19:45:59Z","","Ula Białończyk added a new photo.","Ula"
"93","2014-05-15T19:45:59Z","","Ula Białończyk added a new photo.","Ula"
"94","2014-05-15T19:45:59Z","","Ula Białończyk added a new photo.","Ula"
"95","2014-05-15T19:45:59Z","","Ula Białończyk added a new photo.","Ula"
"96","2014-05-15T19:45:59Z","","Ula Białończyk added a new photo.","Ula"
"97","2014-05-15T19:45:59Z","","Ula Białończyk added a new photo.","Ula"
"98","2014-05-15T19:45:59Z","","Ula Białończyk added a new photo.","Ula"
"99","2014-05-15T19:45:59Z","","Ula Białończyk added a new photo.","Ula"
"100","2014-05-15T19:45:59Z","","Ula Białończyk added a new photo.","Ula"
"101","2014-05-15T19:45:59Z","","Ula Białończyk added a new photo.","Ula"
"102","2014-05-15T19:45:59Z","","Ula Białończyk added a new photo.","Ula"
"103","2014-05-15T19:45:59Z","","Ula Białończyk added a new photo.","Ula"
"104","2014-05-15T19:45:59Z","","Ula Białończyk added a new photo.","Ula"
"105","2014-05-15T19:45:59Z","","Ula Białończyk added a new photo.","Ula"
"106","2014-05-15T19:45:59Z","","Ula Białończyk added a new photo.","Ula"
"107","2014-05-15T19:45:59Z","","Ula Białończyk added a new photo.","Ula"
"108","2014-05-15T19:45:59Z","","Ula Białończyk added a new photo.","Ula"
"109","2014-05-15T19:45:59Z","","Ula Białończyk added a new photo.","Ula"
"110","2014-05-15T19:45:59Z","","Ula Białończyk added a new photo.","Ula"
"111","2014-05-15T19:45:59Z","","Ula Białończyk added a new photo.","Ula"
"112","2014-05-15T19:45:59Z","","Ula Białończyk added a new photo.","Ula"
"113","2014-05-15T19:45:59Z","","Ula Białończyk added a new photo.","Ula"
"114","2014-05-15T19:45:59Z","","Ula Białończyk added a new photo.","Ula"
"115","2014-05-15T19:45:59Z","","Ula Białończyk added a new photo.","Ula"
"116","2014-05-15T19:45:59Z","","Ula Białończyk added a new photo.","Ula"
"117","2014-05-15T19:45:59Z","","Ula Białończyk added a new photo.","Ula"
"118","2014-05-15T19:45:59Z","","Ula Białończyk added a new photo.","Ula"
"119","2014-05-15T19:45:59Z","","Ula Białończyk added a new photo.","Ula"
"120","2014-05-15T19:45:59Z","","Ula Białończyk added a new photo.","Ula"
"121","2014-05-15T19:45:59Z","","Ula Białończyk added a new photo.","Ula"
"122","2014-05-15T19:45:59Z","","Ula Białończyk added a new photo.","Ula"
"123","2014-05-15T19:45:59Z","","Ula Białończyk added a new photo.","Ula"
"124","2014-05-15T19:45:59Z","","Ula Białończyk added a new photo.","Ula"
"125","2014-05-15T19:45:59Z","","Ula Białończyk added a new photo.","Ula"
"126","2014-05-15T19:45:59Z","","Ula Białończyk added a new photo.","Ula"
"127","2014-05-15T19:45:59Z","","Ula Białończyk added a new photo.","Ula"
"128","2014-05-15T19:45:59Z","","Ula Białończyk added a new photo.","Ula"
"129","2014-05-15T19:45:59Z","","Ula Białończyk added a new photo.","Ula"
"130","2014-05-15T19:45:59Z","","Ula Białończyk added a new photo.","Ula"
"131","2014-05-15T19:45:59Z","","Ula Białończyk added a new photo.","Ula"
"132","2014-05-15T19:45:59Z","","Ula Białończyk added a new photo.","Ula"
"133","2014-05-15T19:45:59Z","","Ula Białończyk added a new photo.","Ula"
"134","2014-05-15T19:45:59Z","","Ula Białończyk added a new photo.","Ula"
"135","2014-05-15T19:45:59Z","","Ula Białończyk added a new photo.","Ula"
"136","2014-05-15T19:45:59Z","","Ula Białończyk added a new photo.","Ula"
"137","2014-05-15T19:45:59Z","","Ula Białończyk added a new photo.","Ula"
"138","2014-05-15T19:45:59Z","","Ula Białończyk added a new photo.","Ula"
"139","2014-05-15T19:45:59Z","","Ula Białończyk added a new photo.","Ula"
"140","2014-05-15T19:45:59Z","","Ula Białończyk added a new photo.","Ula"
"141","2014-05-15T19:45:59Z","","Ula Białończyk added a new photo.","Ula"
"142","2014-05-15T19:45:59Z","","Ula Białończyk added a new photo.","Ula"
"143","2014-05-15T19:45:59Z","","Ula Białończyk added a new photo.","Ula"
"144","2014-05-15T19:45:59Z","","Ula Białończyk added a new photo.","Ula"
"145","2014-05-15T19:45:59Z","","Ula Białończyk added a new photo.","Ula"
"146","2014-05-15T19:45:59Z","","Ula Białończyk added a new photo.","Ula"
"147","2014-05-15T19:45:59Z","","Ula Białończyk added a new photo.","Ula"
"148","2014-05-15T19:45:59Z","","Ula Białończyk added a new photo.","Ula"
"149","2014-05-15T19:45:59Z","","Ula Białończyk added a new photo.","Ula"
"150","2014-05-15T19:45:59Z","","Ula Białończyk added a new photo.","Ula"
"151","2014-05-15T19:45:59Z","","Ula Białończyk added a new photo.","Ula"
"152","2014-05-15T19:45:59Z","","Ula Białończyk added a new photo.","Ula"
"153","2014-05-15T19:45:59Z","","Ula Białończyk added a new photo.","Ula"
"154","2014-05-15T19:45:59Z","","Ula Białończyk added a new photo.","Ula"
"155","2014-05-15T19:45:59Z","","Ula Białończyk added a new photo.","Ula"
"156","2014-05-15T19:45:59Z","","Ula Białończyk added a new photo.","Ula"
"157","2014-05-15T19:45:59Z","","Ula Białończyk added a new photo.","Ula"
"158","2014-05-15T19:45:59Z","","Ula Białończyk added a new photo.","Ula"
"159","2014-01-03T23:10:38Z","","Ula Białończyk wrote on Sandra Bolt's timeline.","Ula"
"160","2014-01-03T23:05:05Z","sto lat ! :)","Ula Białończyk wrote on Gabriela Pierzchała's timeline.","Ula"
"161","2013-12-05T19:31:35Z","Wszystkiego naj !","","Ula"
"162","2013-12-05T18:14:40Z","1386271895","","Ula"
"163","2013-12-04T18:52:19Z","!","Ula Białończyk wrote on Judyta Bubak's timeline.","Ula"
"164","2013-11-19T20:10:17Z","1386267280","Ula Białończyk wrote on Filip Rafał Pubrat's timeline.","Ula"
"165","2013-10-26T18:23:27Z","Wszystkiego, wszystkiego naj :)","Ula Białończyk wrote on Rita Bobicka-Łabno's timeline.","Ula"
"166","2013-10-10T17:20:54Z","Sto lat ! :)","Ula Białończyk wrote on Krzysztof Krzanowski's timeline.","Ula"
"167","2013-09-12T18:37:39Z","Sto lat ! :)","Ula Białończyk wrote on Kuba Gwizdała's timeline.","Ula"
"168","2013-09-07T21:53:19Z","100 lat :)","Ula Białończyk wrote on Agnieszka Niemiec's timeline.","Ula"
"169","2013-09-01T19:25:25Z","","","Ula"
"170","2013-08-14T19:52:49Z","Sto lat ! ","Ula Białończyk wrote on Anna Kurkiewicz's timeline.","Ula"
"171","2013-07-28T21:36:27Z","Sto lat <3","Ula Białończyk wrote on Bartek Kąkol's timeline.","Ula"
"172","2013-06-29T19:13:39Z","100 lat ;)","Ula Białończyk posted in zdjęcia ze Szwajcarii.","Ula"
"173","2013-06-03T11:29:42Z","Sto lat! ;)","Ula Białończyk wrote on Szymek Sychta's timeline.","Ula"
"174","2013-04-02T20:19:26Z","Sto lat :)","Ula Białończyk wrote on Paulina Czepko's timeline.","Ula"
"175","2013-03-02T21:40:40Z","jeszcze raz wszystkiego, wszystkiego naj <3","Ula Białończyk wrote on Kacper Leśniak's timeline.","Ula"
"176","2013-01-04T21:15:31Z","100 lat ;)","Ula Białończyk wrote on Gabriela Pierzchała's timeline.","Ula"
"177","2012-11-28T18:08:31Z","1G na spr z geo miała rozpoznawanie typów miast, liczenie przyrostu naturalnego, 5 faz przejścia demograficznego, mocno/słabo zaludnione regiony świata, bariery przy migracjach.. Podejrzewam, że nam da co innego, ale będzie mniej więcej podobnie :)","Ula Białończyk wrote on Michał Grabowski's timeline.","Ula"
"178","2012-11-12T18:51:29Z","100 lat! ;)","Ula Białończyk posted in Ruch Wyzwolenia Mateosza Bendarka.","Ula"
"179","2012-10-29T17:27:27Z","Sto lat! :)","Ula Białończyk wrote on Paulina Pirowska's timeline.","Ula"
"180","2012-10-25T15:01:17Z","100 lat :)","Ula Białończyk wrote on Zofia Hadrys's timeline.","Ula"
"181","2012-10-10T19:09:03Z","100 lat :)","Ula Białończyk wrote on Krzysztof Krzanowski's timeline.","Ula"
"182","2012-10-10T19:08:50Z","100 lat :)","Ula Białończyk wrote on Konrad Majgier's timeline.","Ula"
"183","2012-10-10T19:08:30Z","haha, to tu bede pracować? ;)","Ula Białończyk wrote on Karol Szarek's timeline.","Ula"
"184","2012-10-03T20:26:54Z","","Ula Białończyk wrote on Mr. Square's timeline.","Ula"
"185","2012-09-30T17:17:33Z","Sto lat! ;)","Ula Białończyk added a new photo.","Ula"
"186","2012-09-12T20:20:02Z","Sto lat ;)","Ula Białończyk wrote on Kuba Gwizdała's timeline.","Ula"
"187","2012-09-04T18:20:20Z","Sto lat :)","Ula Białończyk wrote on Ola Wykrota's timeline.","Ula"
"188","2012-09-04T18:20:09Z","najlepszego :)","Ula Białończyk wrote on Ola Antonowicz's timeline.","Ula"
"189","2012-09-03T18:08:25Z","100 lat ;)","Ula Białończyk wrote on Marzena Sobol's timeline.","Ula"
"190","2012-09-02T17:27:06Z","Sto lat :)","Ula Białończyk wrote on Katarzyna Maciejowska's timeline.","Ula"
"191","2012-09-02T17:26:43Z","Oo, podłączam się do Moniki ;d 
Sto lat :)","Ula Białończyk wrote on Aleksandra Śliwoń's timeline.","Ula"
"192","2012-07-28T17:24:33Z","Trzy dni :D","Ula Białończyk wrote on Bartek Kąkol's timeline.","Ula"
"193","2012-07-24T17:52:40Z","1343152360","","Ula"
"194","2019-02-25T13:12:27Z","Dzisiaj grupy prowadzone przez Antoniego Sobkowicza (Macieja Bednarza? (według Usosa taki jest prowadzący)) z Programowania Obiektowego mają odwołane zajęcia - przekażcie innym z tych grup","Kacper Kurowski dodał post w grupie Inżynieria i analiza danych MiNI 2018.","Kacper"
"195","2019-02-18T20:20:57Z","Czy chciałby sie ktoś zamienic grupami z Przetwarzania Danych Ustrukturyzowanych z grupy nr 3 na grupe nr 1 na labach i grupe nr 2 z projektu? (Laby 15-17, projekt 18-19)","Kacper Kurowski dodał post w grupie Inżynieria i analiza danych MiNI 2018.","Kacper"
"196","2019-01-27T14:22:17Z","Kacper Grabczak i ja napisaliśmy malutką pomoc naukową - https://github.com/grabczakk/RRZ/blob/master/RRZ.pdf","Kacper Kurowski udostępnił link w grupie Matematyka PW 2017.","Kacper"
"197","2017-11-13T22:21:00Z","Wszystkiego najlepszego :D","Kacper Kurowski napisał na osi czasu użytkownika Paweł Kołaczyński.","Kacper"
"198","2017-11-13T22:21:00Z","Wszystkiego najlepszego :D","Kacper Kurowski napisał na osi czasu użytkownika Milosz Podrazka.","Kacper"
"199","2017-10-17T15:06:22Z","Wszystkiego najlepszego :D","Kacper Kurowski napisał na osi czasu użytkownika Krzysiek Zając.","Kacper"
"200","2017-09-25T17:29:20Z","Wszystkiego najlepszego :D","Kacper Kurowski napisał na osi czasu użytkownika Tomek Król.","Kacper"
"201","2017-09-25T17:29:19Z","Wszystkiego najlepszego :D","Kacper Kurowski napisał na osi czasu użytkownika Filip Strączewski.","Kacper"
"202","2017-09-13T19:46:14Z","Chętnie sprzedam książki - kontakt: priv","Kacper Kurowski dodał post w grupie Kopernik '00.","Kacper"
"203","2017-09-13T19:44:58Z","Jeżeli ktoś potrzebuje książek, chętnie sprzedam - kontakt: priv","Kacper Kurowski dodał post w grupie Kopernik '99.","Kacper"
"204","2017-09-13T15:33:00Z","Wszystkiego najlepszego :)","Kacper Kurowski napisał na osi czasu użytkownika Adam Kowalczyk.","Kacper"
"205","2017-07-30T17:03:11Z","Wszystkiego najlepszego :D","Kacper Kurowski napisał na osi czasu użytkownika Łukasz Myszkowski.","Kacper"
"206","2017-05-22T18:59:47Z","Wszystkiego najlepszego :D","Kacper Kurowski napisał na osi czasu użytkownika Kuba Gawart.","Kacper"
"207","2017-05-14T18:19:14Z","Wszystkiego najlepszego :D","Kacper Kurowski napisał na osi czasu użytkownika Konrad Krygielski.","Kacper"
"208","2017-04-07T19:45:52Z","Sto lat :D","Kacper Kurowski napisał na osi czasu użytkownika Krzysiek Kowalski.","Kacper"
"209","2017-04-02T19:56:16Z","Wszystkiego najlepszego :D","Kacper Kurowski napisał na osi czasu użytkownika Joanna Kowal.","Kacper"
"210","2017-04-02T19:07:39Z","Wszystkiego najlepszego :D","Kacper Kurowski napisał na osi czasu użytkownika Adam Misiak.","Kacper"
"211","2017-04-01T16:00:55Z","Wszystkiego najlepszego :D","Kacper Kurowski napisał na osi czasu użytkownika Marianna Barańska.","Kacper"
"212","2017-03-12T18:59:14Z","Wszystkiego najlepszego :D","Kacper Kurowski napisał na osi czasu użytkownika Agnieszka Szyszko.","Kacper"
"213","2017-03-04T19:50:17Z","Jest zapowiedziana jakaś kartkówka na poniedziałek?","Kacper Kurowski dodał post w grupie Chemia 󾭚󾔊.","Kacper"
"214","2017-02-26T19:06:43Z","Wszystkiego najlepszego :)","Kacper Kurowski napisał na osi czasu użytkownika Zosia Jemioło.","Kacper"
"215","2017-02-22T12:26:54Z","Wszystkiego najlepszego :D","Kacper Kurowski napisał na osi czasu użytkownika Marcel Szarblewski.","Kacper"
"216","2017-02-22T12:26:53Z","Wszystkiego najlepszego :D","Kacper Kurowski napisał na osi czasu użytkownika Bartosz Biskup.","Kacper"
"217","2017-02-16T18:55:33Z","Wszystkiego najlepszego :D","Kacper Kurowski napisał na osi czasu użytkownika Michał Przybysławski.","Kacper"
"218","2017-02-08T16:18:43Z","Wszystkiego najlepszego :D","Kacper Kurowski napisał na osi czasu użytkownika Paulina Pogorzelska.","Kacper"
"219","2017-02-07T20:48:02Z","Wszystkiego najlepszego :D","Kacper Kurowski napisał na osi czasu użytkownika Karolina Misztal.","Kacper"
"220","2017-02-06T22:58:48Z","Wszystkiego najlepszego :D","Kacper Kurowski napisał na osi czasu użytkownika Michał Kaźmierczak.","Kacper"
"221","2017-02-06T22:58:38Z","Wszystkiego najlepszego :D","Kacper Kurowski napisał na osi czasu użytkownika Ania Sułek.","Kacper"
"222","2017-02-06T22:58:24Z","Wszystkiego najlepszego :D","Kacper Kurowski napisał na osi czasu użytkownika Kuba Kulakowski.","Kacper"
"223","2017-01-31T19:34:33Z","Wszystkiego najlepszego :D","Kacper Kurowski napisał na osi czasu użytkownika Agnieszka Boraczewska.","Kacper"
"224","2017-01-31T19:34:30Z","Wszystkiego najlepszego :D","Kacper Kurowski napisał na osi czasu użytkownika Jacek Markiewicz.","Kacper"
"225","2017-01-31T19:16:01Z","Kiedy trzeba oddać te deklaracje (nie na maila)?","Kacper Kurowski dodał post w grupie MAT-FIZ 3: Czasy Ostateczne.","Kacper"
"226","2017-01-29T11:56:07Z","Wszystkiego najlepszego :D","Kacper Kurowski napisał na osi czasu użytkownika Mateusz Tchórzewski.","Kacper"
"227","2017-01-11T19:26:58Z","Wszystkiego najlepszego :D","Kacper Kurowski napisał na osi czasu użytkownika Oskar Lipień.","Kacper"
"228","2017-01-11T19:26:58Z","Wszystkiego najlepszego :D","Kacper Kurowski napisał na osi czasu użytkownika Grzegorz Dębek.","Kacper"
"229","2017-01-10T18:24:11Z","Wszystkiego najlepszego :D","Kacper Kurowski napisał na osi czasu użytkownika Aniela Siemierzewicz.","Kacper"
"230","2017-01-09T20:01:20Z","Wszystkiego najlepszego :D","Kacper Kurowski napisał na osi czasu użytkownika Dominika Esz.","Kacper"
"231","2017-01-08T18:19:21Z","Wszystkiego najlepszego :D","Kacper Kurowski napisał na osi czasu użytkownika Ada Konior.","Kacper"
"232","2017-01-07T16:17:34Z","Wszystkiego najlepszego :D","Kacper Kurowski napisał na osi czasu użytkownika Patrycja Elwich.","Kacper"
"233","2016-12-20T17:03:46Z","Wszystkiego najlepszego :D","Kacper Kurowski napisał na osi czasu użytkownika Jan Ściepko.","Kacper"
"234","2016-12-16T12:50:20Z","Wszystkiego najlepszego :)","Kacper Kurowski napisał na osi czasu użytkownika Zuzia Adamaszek.","Kacper"
"235","2016-12-16T12:50:11Z","Wszystkiego najlepszego :)","Kacper Kurowski napisał na osi czasu użytkownika Artur Rybak.","Kacper"
"236","2016-12-10T14:04:00Z","Wszystkiego najlepszego :D","Kacper Kurowski napisał na osi czasu użytkownika Piotrek Kostrzewa.","Kacper"
"237","2016-12-05T16:34:53Z","Wszystkiego najlepszego :D","Kacper Kurowski napisał na osi czasu użytkownika Wiktoria Łukasiewicz.","Kacper"
"238","2016-12-04T13:24:45Z","Dawać maile","Kacper Kurowski dodał post w grupie Chemia 󾭚󾔊.","Kacper"
"239","2016-12-03T19:53:35Z","Happy birthday :)","Kacper Kurowski napisał na osi czasu użytkownika Rebecca Mammel.","Kacper"
"240","2016-12-03T19:52:34Z","Wszystkiego najlepszego :D","Kacper Kurowski napisał na osi czasu użytkownika Natalia Woźny.","Kacper"
"241","2016-11-30T21:29:28Z","Wszystkiego najlepszego :D","Kacper Kurowski napisał na osi czasu użytkownika Mateusz Konarzewski.","Kacper"
"242","2016-11-30T21:29:27Z","Wszystkiego najlepszego :D","Kacper Kurowski napisał na osi czasu użytkownika Natalia Orzechowska.","Kacper"
"243","2016-11-30T21:29:27Z","Wszystkiego najlepszego :D","Kacper Kurowski napisał na osi czasu użytkownika Anna Paska.","Kacper"
"244","2016-11-27T12:12:11Z","Wszystkiego najlepszego :D","Kacper Kurowski napisał na osi czasu użytkownika Tomek Horszczaruk.","Kacper"
"245","2016-11-24T21:44:39Z","Wszystkiego najlepszego :D","Kacper Kurowski napisał na osi czasu użytkownika Kasia Chmielewska.","Kacper"
"246","2016-11-13T12:18:55Z","Wszystkiego najlepszego :D","Kacper Kurowski napisał na osi czasu użytkownika Milosz Podrazka.","Kacper"
"247","2016-10-22T20:59:40Z","Wszystkiego najlepszego :D","Kacper Kurowski napisał na osi czasu użytkownika Kasia Niewiadomska.","Kacper"
"248","2016-10-17T18:35:29Z","Wszystkiego najlepszego :D","Kacper Kurowski napisał na osi czasu użytkownika Krzysiek Zając.","Kacper"
"249","2016-10-16T17:24:50Z","Wszystkiego najlepszego :D","Kacper Kurowski napisał na osi czasu użytkownika Ida Brzezińska.","Kacper"
"250","2016-10-07T20:23:50Z","Spełnienia marzeń :D","Kacper Kurowski napisał na osi czasu użytkownika Krystian Kasprzak.","Kacper"
"251","2016-10-07T20:20:55Z","Spełnienia marzeń :D","Kacper Kurowski napisał na osi czasu użytkownika Julia Gago.","Kacper"
"252","2016-10-06T20:54:26Z","Wszystkiego najlepszego :D","Kacper Kurowski napisał na osi czasu użytkownika Marcin Świerkot.","Kacper"
"253","2016-09-26T19:37:27Z","Wszystkiego najlepszego :D","Kacper Kurowski napisał na osi czasu użytkownika Justyna Binio.","Kacper"
"254","2016-09-25T18:39:41Z","Wszystkiego najlepszego :D","Kacper Kurowski napisał na osi czasu użytkownika Krystian Komorowski.","Kacper"
"255","2016-09-25T18:39:40Z","Wszystkiego najlepszego :D","Kacper Kurowski napisał na osi czasu użytkownika Aleksandra Pluta.","Kacper"
"256","2016-09-25T18:39:39Z","Wszystkiego najlepszego :D","Kacper Kurowski napisał na osi czasu użytkownika Wiktoria Maria Perpetua Jakubiec.","Kacper"
"257","2016-09-25T18:39:38Z","Wszystkiego najlepszego :D","Kacper Kurowski napisał na osi czasu użytkownika Filip Strączewski.","Kacper"
"258","2016-09-13T21:01:34Z","Wszystkiego najlepszego :)","Kacper Kurowski napisał na osi czasu użytkownika Adam Kowalczyk.","Kacper"
"259","2016-09-08T20:18:58Z","Wszystkiego najlepszego :)","Kacper Kurowski napisał na osi czasu użytkownika Patrycja Bajkowska.","Kacper"
"260","2016-09-06T18:59:48Z","Wszystkiego najlepszego :D","Kacper Kurowski napisał na osi czasu użytkownika Aleksandra Janasz.","Kacper"
"261","2016-09-05T20:35:20Z","Wszystkiego najlepszego :D","Kacper Kurowski napisał na osi czasu użytkownika Kuba Florczyk.","Kacper"
"262","2016-09-04T10:02:24Z","100 lat :D","Kacper Kurowski napisał na osi czasu użytkownika Adrian Krawiec.","Kacper"
"263","2016-09-01T17:56:55Z","Wszystkiego najlepszego :)","Kacper Kurowski napisał na osi czasu użytkownika Magda Pawlak.","Kacper"
"264","2016-09-01T17:55:42Z","Wszystkiego najlepszego :)","Kacper Kurowski napisał na osi czasu użytkownika Maks Radzikowski.","Kacper"
"265","2016-08-06T17:06:35Z","Wszystkiego najlepszego :D","Kacper Kurowski napisał na osi czasu użytkownika Aleksandra Skwarek.","Kacper"
"266","2016-08-06T17:06:34Z","Wszystkiego najlepszego :D","Kacper Kurowski napisał na osi czasu użytkownika Aleksandra Domeradzka.","Kacper"
"267","2016-07-03T18:36:01Z","Wszystkiego najlepszego :)","Kacper Kurowski napisał na osi czasu użytkownika Leon Powałka.","Kacper"
"268","2016-05-30T20:22:39Z","Wszystkiego najlepszego :D","Kacper Kurowski napisał na osi czasu użytkownika Patrycja Wolska.","Kacper"
"269","2016-05-30T16:20:30Z","Jakiej wagi macie sprawdzian z polskiego? Chyba mnie oczy zawodza....","Kacper Kurowski dodał post w grupie MAT-FIZ 3: Czasy Ostateczne.","Kacper"
"270","2016-05-24T19:46:35Z","Wszystkiego najlepszego :D","Kacper Kurowski napisał na osi czasu użytkownika Robert Mażyński.","Kacper"
"271","2016-05-21T13:28:42Z","","Kacper Kurowski napisał na osi czasu.","Kacper"
"272","2016-05-18T20:31:07Z","Wszystkiego najlepszego :)","Kacper Kurowski napisał na osi czasu użytkownika Marcin Deluga.","Kacper"
"273","2016-05-18T20:30:52Z","Wszystkiego najlepszego :)","Kacper Kurowski napisał na osi czasu użytkownika Aleksandra Dubel.","Kacper"
"274","2016-05-16T17:40:16Z","Wszystkiego najlepszego :D","Kacper Kurowski napisał na osi czasu użytkownika Grzegorz Król.","Kacper"
"275","2016-05-16T17:40:15Z","Wszystkiego najlepszego :D","Kacper Kurowski napisał na osi czasu użytkownika Wiktoria Julia Łukasiewicz.","Kacper"
"276","2016-05-15T12:40:06Z","Piszecie artykuły, które mają trafić do Koperka?","Kacper Kurowski dodał post w grupie MAT-FIZ 3: Czasy Ostateczne.","Kacper"
"277","2016-05-04T07:00:16Z","Wszystkiego najlepszego :)","Kacper Kurowski napisał na osi czasu użytkownika Gabriel Czumaj.","Kacper"
"278","2016-04-21T18:49:20Z","Wszystkiego najlepszego :D","Kacper Kurowski napisał na osi czasu użytkownika Ada Gąssowska.","Kacper"
"279","2016-04-16T23:07:54Z","Wszystkiego najlepszego :)","Kacper Kurowski napisał na osi czasu użytkownika Daria Rogoza.","Kacper"
"280","2016-04-16T23:07:53Z","Wszystkiego najlepszego :)","Kacper Kurowski napisał na osi czasu użytkownika Magdalena Dudzińska.","Kacper"
"281","2016-04-12T22:17:32Z","Wszystkiego najlepszego ;)","Kacper Kurowski napisał na osi czasu użytkownika Łukasz Kryszkiewicz.","Kacper"
"282","2016-04-10T18:55:56Z","Wszystkiego najlepszego :D","Kacper Kurowski napisał na osi czasu użytkownika Ciuk Karolina.","Kacper"
"283","2016-04-07T21:07:27Z","Wszystkiego najlepszego :D","Kacper Kurowski napisał na osi czasu użytkownika Krzysiek Kowalski.","Kacper"
"284","2016-04-06T21:28:03Z","Wszystkiego najlepszego :D","Kacper Kurowski napisał na osi czasu użytkownika Aleksandra Cegielska.","Kacper"
"285","2016-04-05T19:58:17Z","Wszystkiego najlepszego :D","Kacper Kurowski napisał na osi czasu użytkownika Madzia Jasińska.","Kacper"
"286","2016-04-04T18:10:03Z","100 lat :)","Kacper Kurowski napisał na osi czasu użytkownika Wojtek Modzelewski.","Kacper"
"287","2016-04-03T11:44:58Z","Wszystkiego najlepszego :D","Kacper Kurowski napisał na osi czasu użytkownika Maciek Kurek.","Kacper"
"288","2016-04-02T13:37:54Z","Wszystkiego najlepszego ;)","Kacper Kurowski napisał na osi czasu użytkownika Marianna Barańska.","Kacper"
"289","2016-04-02T13:37:37Z","Wszystkiego najlepszego ;)","Kacper Kurowski napisał na osi czasu użytkownika Joanna Kowal.","Kacper"
"290","2016-04-02T13:37:27Z","Wszystkiego najlepszego ;)","Kacper Kurowski napisał na osi czasu użytkownika Adam Misiak.","Kacper"
"291","2016-03-31T20:17:58Z","Wszystkiego najlepszego :)","Kacper Kurowski napisał na osi czasu użytkownika Ania Wojtyra.","Kacper"
"292","2016-03-28T20:09:48Z","Wszystkiego najlepszego :)","Kacper Kurowski napisał na osi czasu użytkownika Ola Gawryła.","Kacper"
"293","2016-03-27T21:35:17Z","Wszystkiego najlepszego :)","Kacper Kurowski napisał na osi czasu użytkownika Aleksandra Kędzior.","Kacper"
"294","2016-03-13T03:23:53Z","Wszystkiego najlepszego :)","Kacper Kurowski napisał na osi czasu użytkownika Agnieszka Szyszko.","Kacper"
"295","2016-03-11T20:12:24Z","Wszystkiego najlepszego ;)","Kacper Kurowski napisał na osi czasu użytkownika Grzegorz Kryszkiewicz.","Kacper"
"296","2016-03-10T22:57:54Z","Zna ktos maila lemiech?","Kacper Kurowski dodał post w grupie MAT-FIZ 3: Czasy Ostateczne.","Kacper"
"297","2016-03-07T20:49:54Z","Wszystkiego najlepszego :)","Kacper Kurowski napisał na osi czasu użytkownika Małgosia Markiewicz.","Kacper"
"298","2016-02-13T21:20:53Z","Spełnienia marzeń ;)","Kacper Kurowski napisał na osi czasu użytkownika Tomasz Mateusiak.","Kacper"
"299","2016-02-09T18:49:09Z","Spełnienia wszystkich marzeń :D","Kacper Kurowski napisał na osi czasu użytkownika Justyna Piotrowska.","Kacper"
"300","2016-02-08T17:32:46Z","Wszystkiego najlepszego :)","Kacper Kurowski napisał na osi czasu użytkownika Paulina Pogorzelska.","Kacper"
"301","2016-02-07T19:48:48Z","Wszystkiego najlepszego :D","Kacper Kurowski napisał na osi czasu użytkownika Karolina Misztal.","Kacper"
"302","2016-02-06T13:37:06Z","Wszystkiego najlepszego :D","Kacper Kurowski napisał na osi czasu użytkownika Ania Sułek.","Kacper"
"303","2016-02-06T13:37:04Z","Wszystkiego najlepszego :D","Kacper Kurowski napisał na osi czasu użytkownika Michał Kaźmierczak.","Kacper"
"304","2016-02-06T13:36:46Z","Wszystkiego najlepszego :D","Kacper Kurowski napisał na osi czasu użytkownika Kuba Kulakowski.","Kacper"
"305","2016-01-31T09:43:42Z","Wszystkiego najlepszego :)","Kacper Kurowski napisał na osi czasu użytkownika Agnieszka Boraczewska.","Kacper"
"306","2016-01-28T23:27:29Z","Wszystkiego najlepszego :D","Kacper Kurowski napisał na osi czasu użytkownika Mateusz Tchórzewski.","Kacper"
"307","2016-01-27T18:33:04Z","Wszystkiego najlepszego :)","Kacper Kurowski napisał na osi czasu użytkownika Klaudia Pacocha.","Kacper"
"308","2016-01-21T20:52:50Z","Wszystkiego najlepszego :)","Kacper Kurowski napisał na osi czasu użytkownika Jan Walczak.","Kacper"
"309","2016-01-19T21:23:56Z","Wszystkiego najlepszego :D","Kacper Kurowski napisał na osi czasu użytkownika Julka Dmowska.","Kacper"
"310","2016-01-18T18:47:46Z","Wszystkiego najlepszego :D","Kacper Kurowski napisał na osi czasu użytkownika Mateusz Zdrojkowski.","Kacper"
"311","2016-01-11T19:32:58Z","Wszystkiego najlepszego :)","Kacper Kurowski napisał na osi czasu użytkownika Grzegorz Dębek.","Kacper"
"312","2016-01-10T15:49:26Z","Wszystkiego najlepszego 󾌳","Kacper Kurowski napisał na osi czasu użytkownika Aniela Siemierzewicz.","Kacper"
"313","2016-01-09T18:08:32Z","Wszystkiego najlepszego :)","Kacper Kurowski napisał na osi czasu użytkownika Dominika Esz.","Kacper"
"314","2016-01-02T18:22:39Z","Wie ktoś na kiedy ma być Lalka?","Kacper Kurowski dodał post w grupie MAT-FIZ 3: Czasy Ostateczne.","Kacper"
"315","2015-12-20T16:34:15Z","Wszystkiego najlepszego :D","Kacper Kurowski napisał na osi czasu użytkownika Jan Ściepko.","Kacper"
"316","2015-12-19T16:15:01Z","Hej, jakie napoje lubicie? Napiszcie jakis i np. Zalajkujcie zebym wiedział 󾌵","Kacper Kurowski dodał post w grupie MAT-FIZ 3: Czasy Ostateczne.","Kacper"
"317","2015-12-16T15:25:15Z","Wszystkiego najlepszego :)","Kacper Kurowski napisał na osi czasu użytkownika Artur Rybak.","Kacper"
"318","2015-12-16T15:25:04Z","Wszystkiego najlepszego :)","Kacper Kurowski napisał na osi czasu użytkownika Zuzia Adamaszek.","Kacper"
"319","2015-12-12T17:02:42Z","Hej, Zasadny faktycznie ustalił, że mam coś zrobić :0 ?","Kacper Kurowski dodał post w grupie MAT-FIZ 3: Czasy Ostateczne.","Kacper"
"320","2015-12-05T19:58:45Z","Wszystkiego najlepszego :D","Kacper Kurowski napisał na osi czasu użytkownika Wiktoria Łukasiewicz.","Kacper"
"321","2015-12-03T19:48:56Z","Wszystkiego najlepszego :D","Kacper Kurowski napisał na osi czasu użytkownika Natalia Woźny.","Kacper"
"322","2015-12-01T17:00:53Z","Pamietacie czy mozna zrobic to na konwersacje o hobby?","Kacper Kurowski dodał post w grupie Grupa językowa 2.5.","Kacper"
"323","2015-11-30T14:58:28Z","Wszystkiego najlepszego :)","Kacper Kurowski napisał na osi czasu użytkownika Mateusz Konarzewski.","Kacper"
"324","2015-11-30T14:58:24Z","Wszystkiego najlepszego :)","Kacper Kurowski napisał na osi czasu użytkownika Anna Paska.","Kacper"
"325","2015-11-30T14:58:17Z","Wszystkiego najlepszego :)","Kacper Kurowski napisał na osi czasu użytkownika Natalia Orzechowska.","Kacper"
"326","2015-11-27T21:36:37Z","Wszystkiego najlepszego :D","Kacper Kurowski napisał na osi czasu użytkownika Tomek Horszczaruk.","Kacper"
"327","2015-11-24T16:40:10Z","Wszystkiego najlepszego :D","Kacper Kurowski napisał na osi czasu użytkownika Kasia Chmielewska.","Kacper"
"328","2015-11-19T19:10:48Z","","Kacper Kurowski dodał post w grupie Walencja.","Kacper"
"329","2015-11-17T21:31:08Z","Pisal ktos pozniej spr z hisu? Daje taki sam ?","Kacper Kurowski dodał post w grupie MAT-FIZ 3: Czasy Ostateczne.","Kacper"
"330","2015-11-15T19:52:45Z","Ma ktoś może te kartki ze słówkami i rozkazami z hiszpańskiego i by chciałby wstawić? Byłbym dozgonnie wdzięczny :D","Kacper Kurowski dodał post w grupie Grupa językowa 2.5.","Kacper"
"331","2015-11-09T09:09:13Z","!!!Uwaga!!!

Pamiętacie moi Drodzy jak to pani Lemiech mówiła, że pewne dzieła na początek romantyzmu miałyby się znaleźć na łamach Koperka? Jeżeli nadal macie te prace (w formie elektronicznej) z przyjemnością podesłałbym je obecnej redaktor, oczywiście podpisaną w taki sposób w jaki byście chcieli (jeżeli macie ochotę na jakiś pseudonim - piszcie). Wyślijcie je przez fb jak najszybciej :D","Kacper Kurowski dodał post w grupie MAT-FIZ 3: Czasy Ostateczne.","Kacper"
"332","2015-10-25T21:54:58Z","Siema - podejrzewam, że mówię o tym późno, ale ktoś reflektuje na wycieczkę do Walencji ?","Kacper Kurowski dodał post w grupie Grupa językowa hiszpański 1.6.","Kacper"
"333","2015-10-23T21:42:38Z","Wszystkiego najlepszego :D","Kacper Kurowski napisał na osi czasu użytkownika Zuzanna Tymieniecka.","Kacper"
"334","2015-10-22T18:06:30Z","Wszystkiego najlepszego Kasiu :D","Kacper Kurowski napisał na osi czasu użytkownika Kasia Niewiadomska.","Kacper"
"335","2015-10-19T15:09:48Z","Jest jakikolwiek szansa, że ona bierze z internetu sprawdziany?","Kacper Kurowski dodał post w grupie Grupa językowa 2.5.","Kacper"
"336","2015-10-17T08:26:54Z","Wszystkiego najlepszego :D","Kacper Kurowski napisał na osi czasu użytkownika Krzysiek Zając.","Kacper"
"337","2015-10-07T19:11:30Z","Wszystkiego najlepszego :)","Kacper Kurowski napisał na osi czasu użytkownika Krystian Kasprzak.","Kacper"
"338","2015-10-06T20:33:48Z","Wszystkiego najlepszego :D","Kacper Kurowski napisał na osi czasu użytkownika Marcin Świerkot.","Kacper"
"339","2015-10-05T18:52:21Z","Wszystkiego najlepszego :D","Kacper Kurowski napisał na osi czasu użytkownika Jakub Rybka.","Kacper"
"340","2015-10-04T16:09:29Z","Wszystkiego najlepszego :D","Kacper Kurowski napisał na osi czasu użytkownika Asia Pluta.","Kacper"
"341","2015-09-25T15:21:04Z","Wszystkiego najlepszego :D","Kacper Kurowski napisał na osi czasu użytkownika Wiktoria Maria Perpetua Jakubiec.","Kacper"
"342","2015-09-25T15:21:03Z","Wszystkiego najlepszego :D","Kacper Kurowski napisał na osi czasu użytkownika Aleksandra Pluta.","Kacper"
"343","2015-09-25T15:21:02Z","Wszystkiego najlepszego :D","Kacper Kurowski napisał na osi czasu użytkownika Krystian Komorowski.","Kacper"
"344","2015-09-14T08:50:26Z","Wszystkiego najlepszego 󾍇","Kacper Kurowski napisał na osi czasu użytkownika Daniel Hoang.","Kacper"
"345","2015-09-13T17:27:17Z","Wszystkiego najlepszego 󾍇","Kacper Kurowski napisał na osi czasu użytkownika Adam Kowalczyk.","Kacper"
"346","2015-09-08T06:53:18Z","Wszystkiego najlepszego ;)","Kacper Kurowski napisał na osi czasu użytkownika Patrycja Bajkowska.","Kacper"
"347","2015-09-01T13:48:46Z","Wszystkiego najlepszego :D","Kacper Kurowski napisał na osi czasu użytkownika Maks Radzikowski.","Kacper"
"348","2015-08-06T18:01:12Z","Wszystkiego najlepszego :D","Kacper Kurowski napisał na osi czasu użytkownika Kamil Kaczmarski.","Kacper"
"349","2015-07-30T19:56:38Z","Wszystkiego najlepszego ;)","Kacper Kurowski napisał na osi czasu użytkownika Manh Tung Nguyen.","Kacper"
"350","2015-07-21T07:55:24Z","Wszystkiego najlepszego :)","Kacper Kurowski napisał na osi czasu użytkownika Ola Marczak.","Kacper"
"351","2015-07-20T09:39:45Z","Sto lat :)","Kacper Kurowski napisał na osi czasu użytkownika Karol Toczyński.","Kacper"
"352","2015-07-03T19:48:58Z","Sto lat :D","Kacper Kurowski napisał na osi czasu użytkownika Leon Powałka.","Kacper"
"353","2015-07-02T17:49:04Z","Wszystkiego najlepszego :)","Kacper Kurowski napisał na osi czasu użytkownika Jagoda Bach.","Kacper"
"354","2015-07-02T17:49:04Z","Wszystkiego najlepszego :)","Kacper Kurowski napisał na osi czasu użytkownika Damian Jabłonowski.","Kacper"
"355","2015-06-23T18:12:16Z","Wszystkiego najlepszego :)","Kacper Kurowski napisał na osi czasu użytkownika Wojciech Szeliga.","Kacper"
"356","2015-06-15T14:20:35Z","Wszystkiego najlepszego :)","Kacper Kurowski napisał na osi czasu użytkownika Julka Ołdakowska.","Kacper"
"357","2015-06-14T09:03:27Z","Wszystkiego najlepszego :D","Kacper Kurowski napisał na osi czasu użytkownika Paulina Sobczak.","Kacper"
"358","2015-06-11T16:08:30Z","Na ile słów/stron miało być to wypracowanie z polaka?","Kacper Kurowski dodał post w grupie MAT-FIZ 3: Czasy Ostateczne.","Kacper"
"359","2015-06-11T15:31:34Z","Czy ktos pamieta co dokladnie robilismy z gramatyki z hiszpana?","Kacper Kurowski dodał post w grupie Grupa językowa hiszpański 1.6.","Kacper"
"360","2015-06-06T18:53:31Z","Chyba juz jest na librusie - w ten czwartek mamy test z unit 4 z anglika","Kacper Kurowski dodał post w grupie Grupa językowa hiszpański 1.6.","Kacper"
"361","2015-05-31T19:55:43Z","Ktoś pisał może cokolwiek z geografii w drugim terminie?","Kacper Kurowski dodał post w grupie MAT-FIZ 3: Czasy Ostateczne.","Kacper"
"362","2015-05-30T21:09:53Z","Wszystkiego najlepszego :D","Kacper Kurowski napisał na osi czasu użytkownika Patrycja Wolska.","Kacper"
"363","2015-05-24T07:46:36Z","Wszystkiego najlepszego :)","Kacper Kurowski napisał na osi czasu użytkownika Robert Mażyński.","Kacper"
"364","2015-05-18T14:47:11Z","Sto lat :)","Kacper Kurowski napisał na osi czasu użytkownika Marcin Deluga.","Kacper"
"365","2015-05-18T14:47:09Z","Wszystkiego najlepszego :D","Kacper Kurowski napisał na osi czasu użytkownika Aleksandra Dubel.","Kacper"
"366","2015-05-17T12:01:11Z","Wszystkiego najlepszego :D","Kacper Kurowski napisał na osi czasu użytkownika Maciek Flis.","Kacper"
"367","2015-05-13T19:38:31Z","Wszystkiego najlepszego :D","Kacper Kurowski napisał na osi czasu użytkownika Aneta Leśniewska.","Kacper"
"368","2015-04-28T17:47:53Z","Sto lat :)","Kacper Kurowski napisał na osi czasu użytkownika Kacper Wawrzyńczak.","Kacper"
"369","2015-04-25T14:19:08Z","Raczej na pewno takiego samego nie zrobi, ale wysłałem na o2 sprawdzian z pp z zeszłego roku","Kacper Kurowski dodał post w grupie MAT-FIZ 3: Czasy Ostateczne.","Kacper"
"370","2015-04-24T12:44:19Z","wszystkiego najlepszego :)","Kacper Kurowski napisał na osi czasu użytkownika Patrycja Ściślewska.","Kacper"
"371","2015-04-21T17:47:45Z","Wszystkiego najlepszego :)","Kacper Kurowski napisał na osi czasu użytkownika Ada Gąssowska.","Kacper"
"372","2015-04-17T19:54:34Z","Spełnienia marzeń :)","Kacper Kurowski napisał na osi czasu użytkownika Daria Rogoza.","Kacper"
"373","2015-04-17T19:54:33Z","Spełnienia marzeń :)","Kacper Kurowski napisał na osi czasu użytkownika Magdalena Dudzińska.","Kacper"
"374","2015-04-14T20:19:23Z","Ktoś ogarnął ten hiszpański?","Kacper Kurowski dodał post w grupie Grupa językowa hiszpański 1.6.","Kacper"
"375","2015-04-13T18:57:20Z","Ktoś czytał to coś co tam Pietrzakowa na ostatnim polskim gadała?","Kacper Kurowski dodał post w grupie MAT-FIZ 3: Czasy Ostateczne.","Kacper"
"376","2015-04-12T16:49:12Z","Sto lat :D !!!","Kacper Kurowski napisał na osi czasu użytkownika Łukasz Kryszkiewicz.","Kacper"
"377","2015-04-07T18:34:14Z","Wszystkiego najlepszego 󾌵","Kacper Kurowski napisał na osi czasu użytkownika Krzysiek Kowalski.","Kacper"
"378","2015-04-03T10:49:27Z","Wszystkiego najlepszego :)","Kacper Kurowski napisał na osi czasu użytkownika Maciek Kurek.","Kacper"
"379","2015-04-02T16:02:57Z","100 lat :)","Kacper Kurowski napisał na osi czasu użytkownika Adam Misiak.","Kacper"
"380","2015-03-26T22:18:34Z","100 lat :)","Kacper Kurowski napisał na osi czasu użytkownika Blażej Gembal.","Kacper"
"381","2015-03-25T20:01:03Z","Wszystkiego najlepszego :D","Kacper Kurowski napisał na osi czasu użytkownika Bartosz Biskup.","Kacper"
"382","2015-03-23T15:13:24Z","Od 2 dni nie ma Zaniewicza","Kacper Kurowski dodał post w grupie MAT-FIZ 3: Czasy Ostateczne.","Kacper"
"383","2015-03-12T22:04:40Z","Wszystkiego najlepszego :)","Kacper Kurowski napisał na osi czasu użytkownika Agnieszka Szyszko.","Kacper"
"384","2015-03-05T17:36:33Z","Tak ponoć wyglądał test biol-chemu oprócz tego było jakieś zadanie na prace z tekstem z wierszem o jakimś świętym ponoć łatwe","Kacper Kurowski dodał post w grupie MAT-FIZ 3: Czasy Ostateczne.","Kacper"
"385","2015-03-04T17:35:50Z","100 lat :)","Kacper Kurowski napisał na osi czasu użytkownika Łukasz Kiełbus.","Kacper"
"386","2015-03-04T17:35:48Z","100 lat :)","Kacper Kurowski napisał na osi czasu użytkownika Izabela Wojciechowska.","Kacper"
"387","2015-03-02T19:50:28Z","Ma ktos moze nktatki z polaka i chcialby sie podzielic?","Kacper Kurowski dodał post w grupie MAT-FIZ 3: Czasy Ostateczne.","Kacper"
"388","2015-02-23T19:44:17Z","Ktoś rozumie o co właściwie chodzi z tym zadaniem na WOS-ie ? I by mógł to wytłumaczyć?","Kacper Kurowski dodał post w grupie MAT-FIZ 3: Czasy Ostateczne.","Kacper"
"389","2015-02-22T13:07:17Z","Wszystkiego najlepszego :)","Kacper Kurowski napisał na osi czasu użytkownika Marcel Szarblewski.","Kacper"
"390","2015-02-19T17:54:56Z","Wszystkiego najlepszego :)","Kacper Kurowski napisał na osi czasu użytkownika Kacper Wiechetek.","Kacper"
"391","2015-02-18T20:23:16Z","Takie pytanko - ktoś robił listę tych słówek, kiedy się uczył na kartkówkę z anglika?","Kacper Kurowski dodał post w grupie Grupa językowa hiszpański 1.6.","Kacper"
"392","2015-02-16T17:40:20Z","Wszystkiego najlepszego :D","Kacper Kurowski napisał na osi czasu użytkownika Michał Przybysławski.","Kacper"
"393","2015-02-09T17:06:02Z","Wiecie, czy ktoś miał już sprawdzian z WOS'u ?","Kacper Kurowski dodał post w grupie MAT-FIZ 3: Czasy Ostateczne.","Kacper"
"394","2015-02-09T16:56:17Z","Wszystkiego najlepszego :)","Kacper Kurowski napisał na osi czasu użytkownika Justyna Piotrowska.","Kacper"
"395","2015-02-07T11:20:52Z","Wszystkiego najlepszego :)","Kacper Kurowski napisał na osi czasu użytkownika Karolina Misztal.","Kacper"
"396","2015-02-03T20:24:06Z","Coś było zadane, na coś trzeba się przygotować?","Kacper Kurowski dodał post w grupie Grupa językowa hiszpański 1.6.","Kacper"
"397","2015-01-31T10:38:57Z","100 lat Jaceu :)","Kacper Kurowski napisał na osi czasu użytkownika Jacek Markiewicz.","Kacper"
"398","2015-01-29T17:12:30Z","Wszystkiego najlepszego :)","Kacper Kurowski napisał na osi czasu użytkownika Mateusz Tchórzewski.","Kacper"
"399","2015-01-23T15:35:19Z","Wszystkiego najlepszego :)","Kacper Kurowski napisał na osi czasu użytkownika Maciek Fitas.","Kacper"
"400","2015-01-19T10:04:05Z","100 lat :)","Kacper Kurowski napisał na osi czasu użytkownika Julka Dmowska.","Kacper"
"401","2015-01-18T18:10:01Z","Wszystkiego najlepszego :)","Kacper Kurowski napisał na osi czasu użytkownika Mateusz Zdrojkowski.","Kacper"
"402","2015-01-15T21:12:46Z","Wszyscy mają ten handout na angielski?","Kacper Kurowski dodał post w grupie Grupa językowa hiszpański 1.6.","Kacper"
"403","2015-01-11T00:02:37Z","Wszystkiego najlepszego :)","Kacper Kurowski napisał na osi czasu użytkownika Grzegorz Dębek.","Kacper"
"404","2015-01-11T00:02:36Z","Wszystkiego najlepszego :)","Kacper Kurowski napisał na osi czasu użytkownika Oskar Lipień.","Kacper"
"405","2015-01-09T23:05:07Z","Spełnienia marzeń :)","Kacper Kurowski napisał na osi czasu użytkownika Aniela Siemierzewicz.","Kacper"
"406","2015-01-08T19:23:31Z","Ma ktoś może zrobione cokolwiek z hiszpana?","Kacper Kurowski dodał post w grupie Grupa językowa hiszpański 1.6.","Kacper"
"407","2015-01-05T15:15:53Z","Wszystkiego najlepszego :)","Kacper Kurowski napisał na osi czasu użytkownika Magdalena Karlicka.","Kacper"
"408","2014-12-20T20:01:07Z","Wszystkiego najlepszego :)","Kacper Kurowski napisał na osi czasu użytkownika Jan Ściepko.","Kacper"
"409","2014-12-16T17:30:10Z","Wszystkiego najlepszego :)","Kacper Kurowski napisał na osi czasu użytkownika Zuzia Adamaszek.","Kacper"
"410","2014-12-16T17:30:07Z","Wszystkiego najlepszego :)","Kacper Kurowski napisał na osi czasu użytkownika Artur Rybak.","Kacper"
"411","2014-12-10T17:24:24Z","Wszystkiego najlepszego :)","Kacper Kurowski napisał na osi czasu użytkownika Piotrek Kostrzewa.","Kacper"
"412","2014-12-09T16:30:06Z","Ktoś ma może notatki na historię i chciałby się podzielić :D ?","Kacper Kurowski dodał post w grupie MAT-FIZ 3: Czasy Ostateczne.","Kacper"
"413","2014-12-03T21:01:40Z","Wszystkiego najlepszego :)","Kacper Kurowski napisał na osi czasu użytkownika Natalia Woźny.","Kacper"
"414","2014-11-30T12:01:49Z","Wszystkiego najlepszego :)","Kacper Kurowski napisał na osi czasu użytkownika Natalia Orzechowska.","Kacper"
"415","2014-11-30T12:01:48Z","Wszystkiego najlepszego :)","Kacper Kurowski napisał na osi czasu użytkownika Mateusz Konarzewski.","Kacper"
"416","2014-11-30T12:01:47Z","Wszystkiego najlepszego :)","Kacper Kurowski napisał na osi czasu użytkownika Anna Paska.","Kacper"
"417","2014-11-27T21:19:22Z","Czy ktoś jeszcze oprócz mnie nie pisał tej mapówki z geo?","Kacper Kurowski dodał post w grupie MAT-FIZ 3: Czasy Ostateczne.","Kacper"
"418","2014-11-27T18:36:48Z","Wszystkiego najlepszego :)","Kacper Kurowski napisał na osi czasu użytkownika Tomek Horszczaruk.","Kacper"
"419","2014-11-25T21:18:44Z","Jakby komuś się z religii przydałoby się ","Kacper Kurowski dodał materiały do albumu 25 listopada 2014 w grupie MAT-FIZ 3: Czasy Ostateczne.","Kacper"
"420","2014-11-24T21:48:47Z","Wszystkiego najlepszego :)","Kacper Kurowski napisał na osi czasu użytkownika Kasia Chmielewska.","Kacper"
"421","2014-11-13T20:05:53Z","Wszystkiego najlepszego :)","Kacper Kurowski napisał na osi czasu użytkownika Milosz Podrazka.","Kacper"
"422","2014-11-12T16:59:24Z","Wszystkiego najlepszego :)","Kacper Kurowski napisał na osi czasu użytkownika Radek Paziewski.","Kacper"
"423","2014-11-06T15:20:45Z","Kiedy ma być ten sprawdzian z hiszpana?","Kacper Kurowski dodał post w grupie Grupa językowa hiszpański 1.6.","Kacper"
"424","2014-11-04T19:03:56Z","Wszystkiego najlepszego :)","Kacper Kurowski napisał na osi czasu użytkownika Dawid Gidaszewski.","Kacper"
"425","2014-10-25T06:53:59Z","Zobaczcie sobie jaki mamy poniedziałek :D","Kacper Kurowski dodał post w grupie MAT-FIZ 3: Czasy Ostateczne.","Kacper"
"426","2014-10-22T15:21:27Z","Wszystkiego najlepszego :D","Kacper Kurowski napisał na osi czasu użytkownika Kasia Niewiadomska.","Kacper"
"427","2014-10-06T16:19:51Z","Wszystkiego najlepszego :)","Kacper Kurowski napisał na osi czasu użytkownika Marcin Świerkot.","Kacper"
"428","2014-10-05T09:46:32Z","Wszystkiego najlepszego :)","Kacper Kurowski napisał na osi czasu użytkownika Jakub Rybka.","Kacper"
"429","2014-09-26T16:58:44Z","Wszystkiego najlepszego :)","Kacper Kurowski napisał na osi czasu użytkownika Justyna Binio.","Kacper"
"430","2014-09-25T19:54:36Z","Wszystkiego najlepszego :)","Kacper Kurowski napisał na osi czasu użytkownika Tomek Król.","Kacper"
"431","2014-09-06T19:08:10Z","Wszystkiego najlepszego :)","Kacper Kurowski napisał na osi czasu użytkownika Aleksandra Janasz.","Kacper"
"432","2014-09-01T13:39:48Z","Wszystkiego najlepszego :0","Kacper Kurowski napisał na osi czasu użytkownika Maks Radzikowski.","Kacper"
"433","2014-08-22T14:49:20Z","Wszystkiego najlepszego !","Kacper Kurowski napisał na osi czasu użytkownika Małgorzata Jach.","Kacper"
"434","2014-07-19T22:58:44Z","Sto lat !","Kacper Kurowski napisał na osi czasu użytkownika Karol Toczyński.","Kacper"
"435","2014-06-14T10:59:41Z","Jeszcze raz Sto Lat :D","Kacper Kurowski napisał na osi czasu użytkownika Paulina Sobczak.","Kacper"
"436","2014-05-26T14:50:39Z","Sto lat !!!","Kacper Kurowski napisał na osi czasu użytkownika Eryk Szrebka.","Kacper"
"437","2014-05-16T19:45:57Z","Sto lat!!!","Kacper Kurowski napisał na osi czasu użytkownika Grzegorz Król.","Kacper"
"438","2014-05-04T12:09:19Z","Wszystkiego najlepszego !","Kacper Kurowski napisał na osi czasu użytkownika Gabriel Czumaj.","Kacper"
"439","2014-04-30T18:55:29Z","Wszystkiego najlepszego :D","Kacper Kurowski napisał na osi czasu użytkownika Kasia Niewiadomska.","Kacper"
"440","2014-04-24T18:14:36Z","Wszystkiego najlepszego !!!","Kacper Kurowski napisał na osi czasu użytkownika Patrycja Ściślewska.","Kacper"
"441","2014-04-17T20:13:46Z","Wszystkiego najlepszego !!!","Kacper Kurowski napisał na osi czasu użytkownika Daria Rogoza.","Kacper"
"442","2014-04-12T19:58:26Z","Wszystkiego najlepszego!","Kacper Kurowski napisał na osi czasu użytkownika Łukasz Kryszkiewicz.","Kacper"
"443","2014-04-07T18:30:08Z","Wszystkiego najlepszego !!!","Kacper Kurowski napisał na osi czasu użytkownika Krzysiek Kowalski.","Kacper"
"444","2014-04-06T11:24:42Z","Wszystkiego najlepszego !","Kacper Kurowski napisał na osi czasu użytkownika Aleksandra Cegielska.","Kacper"
"445","2014-04-05T11:47:20Z","Wszystkiego najlepszego !!!","Kacper Kurowski napisał na osi czasu użytkownika Madzia Jasińska.","Kacper"
"446","2014-03-17T18:32:27Z","Istotna sprawa - jutro niech każdy przyniesie 11zł. na testy próbne z przyrodniczych !!!","Kacper Kurowski dodał post w grupie Klasa 3B.","Kacper"
"447","2014-02-22T22:22:44Z","Wszystkiego najlepszego !","Kacper Kurowski napisał na osi czasu użytkownika Marcel Szarblewski.","Kacper"
"448","2014-02-19T16:45:04Z","Wszystkiego najlepszego !","Kacper Kurowski napisał na osi czasu użytkownika Kacper Wiechetek.","Kacper"
"449","2014-02-13T16:50:12Z","Wszystkiego najlepszego !","Kacper Kurowski napisał na osi czasu użytkownika Tomasz Mateusiak.","Kacper"
"450","2014-02-09T20:40:50Z","wszystkiego najlepszego!","Kacper Kurowski napisał na osi czasu użytkownika Justyna Piotrowska.","Kacper"
"451","2014-02-06T22:01:52Z","Wszystkiego najlepszego !","Kacper Kurowski napisał na osi czasu użytkownika Ania Sułek.","Kacper"
"452","2014-01-31T17:33:45Z","najlepszego i laureata z Niemca i Anglika","Kacper Kurowski napisał na osi czasu użytkownika Jacek Markiewicz.","Kacper"
